{
    "PolicyNumber": 110035,
    "ConcPolicyNumber": "1/1/020/0110035",
    "QuoteNumber": 8367,
    "QuoteDate": "2003-01-14T00:00:00",
    "CostCenter": 1,
    "Broker": "GARGASH INSURANCE SERVICES",
    "CustomerName": "SCHEME - MERCEDES BENZ SCHEME",
    "EffectiveDate": "2003-03-28T00:00:00",
    "ExpiryDate": "2004-03-27T00:00:00",
    "Excess": null,
    "Premium": 5303.05,
    "Status": 10,
    "OutStandings": [
        {
            "Date": "2001-05-01T00:00:00",
            "Description": "Policy No :4",
            "Amount": 2917.07
        },
        {
            "Date": "2001-05-01T00:00:00",
            "Description": "Policy No :4",
            "Amount": 27.07
        },
        {
            "Date": "2001-05-01T00:00:00",
            "Description": "Policy No :4",
            "Amount": 21117.07
        }
    ],
    "Endorsements": [
        {
            "Date": "2001-05-01T00:00:00",
            "Description": "Policy No :4",
            "Amount": 9.07
        },
        {
            "Date": "2001-05-01T00:00:00",
            "Description": "Policy No :4",
            "Amount": 7.07
        },
        {
            "Date": "2001-05-01T00:00:00",
            "Description": "Policy No :4",
            "Amount": 37.07
        }
    ],
    "Claims": [
        {
            "ClaimID": 13138,
            "RiskDescription": "OD # D/40339 /   TBA Engine no: VL30901 Chassis no: WF0SD95LX2VL30901 FORD FOCUS",
            "PolicyID": 10420,
            "ClaimNo": 7704,
            "Type": "risk",
            "ClaimYear": 0,
            "DateOfIntimation": "0001-01-01T00:00:00",
            "DateOfLoss": "0001-01-01T00:00:00",
            "CreateBy": 0,
            "ModifyBy": 0,
            "CreateDate": "0001-01-01T00:00:00",
            "ModifyDate": "0001-01-01T00:00:00",
            "Validation": null,
            "Amount": 1333
        },
        {
            "ClaimID": 13138,
            "RiskDescription": "OD # D/40339 /   TBA Engine no: VL30901 Chassis no: WF0SD95LX2VL30901 FORD FOCUS",
            "PolicyID": 10420,
            "ClaimNo": 7704,
            "Type": "risk",
            "ClaimYear": 0,
            "DateOfIntimation": "0001-01-01T00:00:00",
            "DateOfLoss": "0001-01-01T00:00:00",
            "CreateBy": 0,
            "ModifyBy": 0,
            "CreateDate": "0001-01-01T00:00:00",
            "ModifyDate": "0001-01-01T00:00:00",
            "Validation": null,
            "Amount": 33
        }
    ],
    "Renewals": [
        {
            "PolicyId": 10420,
            "Name": null,
            "ConcPolicyNumber": "1/1/020/0110035",
            "Date": "2003-03-28T00:00:00",
            "Description": "GHALIA JALAINBO   ",
            "Amount": 5303.05
        },
        {
            "PolicyId": 10420,
            "Name": null,
            "ConcPolicyNumber": "1/1/020/0110035",
            "Date": "2003-03-28T00:00:00",
            "Description": "GHALIA JALAINBO   ",
            "Amount": 3.05
        }
    ]
}