{
    "PolicyNumber": 1102992,
    "ConcPolicyNumber": "1/1/020/1102992",
    "QuoteNumber": 100,
    "QuoteDate": "2001-09-22T00:00:00",
    "CostCenter": "MOTOR",
    "Broker": "Z (DO NOT USE) INSCO L L C DEIRA BR.",
    "CustomerName": "DO NOT USE-INSCO - CREDIT CLIENTS",
    "EffectiveDate": "2001-11-02T00:00:00",
    "ExpiryDate": "2002-11-01T00:00:00",
    "Excess": null,
    "Premium": 3273,
    "Status": "Active",
    "OutStandings": [ 
        {
            "Date": "2001-05-01T00:00:00",
            "Description": "Policy No :4",
            "Amount": -2917.07
        }
    ],
    "Endorsements": [],
    "Claims": [],
    "Renewals": [
        {
            "PolicyId": 137,
            "Name": null,
            "ConcPolicyNumber": "1/1/020/1102992",
            "Date": "2001-11-02T00:00:00",
            "Description": "RAMANUJAM RAVI NARASIMHACHARI & OR STANDARD C   ",
            "Amount": 3273
        }
    ]
}