{
    "VoucherNo": null,
    "Description": "Conveyance expenses",
    "Bank": "PETTY CASH - Dubai ",
    "Date": "2001-04-12T00:00:00",
    "PaymentType": null,
    "CustomerName": null,
    "PaymentMode": null,
    "Amount": 9032,
    "Status": "Matched",
    "Costcentre": null,
    "ClassCode": null,
    "ClaimYear": null,
    "SettlementType": null,
    "ChequeNo": null,
    "ChequeDate": null,
    "ChequeType": null,
    "InstrumentNo": null,
    "PaymnentType": null,
    "InstrumentDate": "2001-04-12T00:00:00",
    "PreparedBy": "SL - RSA Dubai",
    "ApprovedBy": "SL - RSA Dubai",
    "PreparedDate": null,
    "ApprovedDate": null,
    "VoucherPaymentCollection": [
        {
            "VoucherNo": 120,
            "ConcPolicyNumber": null,
            "TransactionNo": null,
            "Date": null,
            "DateFormated": "",
            "CustomerName": null,
            "Name": null,
            "Description": "AIR-FARE FOR DXB - UK - DXB TRIP",
            "Amount": 2910,
            "CreditPaymentMode": null,
            "SLCode": 0,
            "PaymentType": "All Insurance Policy Types",
            "SerialNumber": 0,
            "CounterPartyRefNo": null,
            "PreparedBy": null,
            "ApprovedBy": null,
            "PreparedDate": null,
            "ApprovedDate": null,
            "ClaimYear": null,
            "SettlementType": null,
            "CounterPartyRef": null,
            "CostCentre": "GENERAL",
            "RefTranId": 120,
            "RefTranType": "PAYMENT OTHERS",
            "RefTranSlNo": 1,
            "Department": null,
            "ProjectIndicator": null,
            "AnalysisCode": null,
            "TaxInvoiceNo": 120,
            "Commission": 0
        },
        {
            "VoucherNo": 120,
            "ConcPolicyNumber": null,
            "TransactionNo": null,
            "Date": null,
            "DateFormated": "",
            "CustomerName": null,
            "Name": null,
            "Description": "TRAVEL ADVANCE FOR UK TRIP",
            "Amount": 5000,
            "CreditPaymentMode": null,
            "SLCode": 0,
            "PaymentType": "All Insurance Policy Types",
            "SerialNumber": 0,
            "CounterPartyRefNo": null,
            "PreparedBy": null,
            "ApprovedBy": null,
            "PreparedDate": null,
            "ApprovedDate": null,
            "ClaimYear": null,
            "SettlementType": null,
            "CounterPartyRef": null,
            "CostCentre": "GENERAL",
            "RefTranId": 120,
            "RefTranType": "PAYMENT OTHERS",
            "RefTranSlNo": 2,
            "Department": null,
            "ProjectIndicator": null,
            "AnalysisCode": null,
            "TaxInvoiceNo": 120,
            "Commission": 0
        },
        {
            "VoucherNo": 100,
            "ConcPolicyNumber": null,
            "TransactionNo": null,
            "Date": null,
            "DateFormated": "",
            "CustomerName": null,
            "Name": null,
            "Description": "Reimbursement of medical expenses incurred -  As per details  provided.",
            "Amount": 402,
            "CreditPaymentMode": null,
            "SLCode": 0,
            "PaymentType": "All Insurance Policy Types",
            "SerialNumber": 0,
            "CounterPartyRefNo": null,
            "PreparedBy": null,
            "ApprovedBy": null,
            "PreparedDate": null,
            "ApprovedDate": null,
            "ClaimYear": null,
            "SettlementType": null,
            "CounterPartyRef": null,
            "CostCentre": "GENERAL",
            "RefTranId": 100,
            "RefTranType": "PAYMENT OTHERS",
            "RefTranSlNo": 1,
            "Department": null,
            "ProjectIndicator": null,
            "AnalysisCode": null,
            "TaxInvoiceNo": 100,
            "Commission": 0
        },
        {
            "VoucherNo": 4,
            "ConcPolicyNumber": null,
            "TransactionNo": null,
            "Date": null,
            "DateFormated": "",
            "CustomerName": null,
            "Name": null,
            "Description": "REIMBURSEMENT OF TAXI FARE TO ROYAL INS. & BACK -3-DAYS.",
            "Amount": 99,
            "CreditPaymentMode": null,
            "SLCode": 0,
            "PaymentType": "All Insurance Policy Types",
            "SerialNumber": 0,
            "CounterPartyRefNo": null,
            "PreparedBy": null,
            "ApprovedBy": null,
            "PreparedDate": null,
            "ApprovedDate": null,
            "ClaimYear": null,
            "SettlementType": null,
            "CounterPartyRef": null,
            "CostCentre": "GENERAL",
            "RefTranId": 4,
            "RefTranType": "PAYMENT OTHERS",
            "RefTranSlNo": 1,
            "Department": null,
            "ProjectIndicator": null,
            "AnalysisCode": null,
            "TaxInvoiceNo": 4,
            "Commission": 0
        },
        {
            "VoucherNo": 4,
            "ConcPolicyNumber": null,
            "TransactionNo": null,
            "Date": null,
            "DateFormated": "",
            "CustomerName": null,
            "Name": null,
            "Description": "TELEPHONE / MODEM CARD 2-NOS.   &  TELEPHONE JACK 3-NOS. FOR OFFICE. ",
            "Amount": 32,
            "CreditPaymentMode": null,
            "SLCode": 0,
            "PaymentType": "All Insurance Policy Types",
            "SerialNumber": 0,
            "CounterPartyRefNo": null,
            "PreparedBy": null,
            "ApprovedBy": null,
            "PreparedDate": null,
            "ApprovedDate": null,
            "ClaimYear": null,
            "SettlementType": null,
            "CounterPartyRef": null,
            "CostCentre": "GENERAL",
            "RefTranId": 4,
            "RefTranType": "PAYMENT OTHERS",
            "RefTranSlNo": 2,
            "Department": null,
            "ProjectIndicator": null,
            "AnalysisCode": null,
            "TaxInvoiceNo": 4,
            "Commission": 0
        },
        {
            "VoucherNo": 20,
            "ConcPolicyNumber": null,
            "TransactionNo": null,
            "Date": null,
            "DateFormated": "",
            "CustomerName": null,
            "Name": null,
            "Description": "Taxi to Reneisance - 13/02/2001",
            "Amount": 5,
            "CreditPaymentMode": null,
            "SLCode": 0,
            "PaymentType": "All Insurance Policy Types",
            "SerialNumber": 0,
            "CounterPartyRefNo": null,
            "PreparedBy": null,
            "ApprovedBy": null,
            "PreparedDate": null,
            "ApprovedDate": null,
            "ClaimYear": null,
            "SettlementType": null,
            "CounterPartyRef": null,
            "CostCentre": "GENERAL",
            "RefTranId": 20,
            "RefTranType": "PAYMENT OTHERS",
            "RefTranSlNo": 1,
            "Department": null,
            "ProjectIndicator": null,
            "AnalysisCode": null,
            "TaxInvoiceNo": 20,
            "Commission": 0
        },
        {
            "VoucherNo": 20,
            "ConcPolicyNumber": null,
            "TransactionNo": null,
            "Date": null,
            "DateFormated": "",
            "CustomerName": null,
            "Name": null,
            "Description": "Reneisance hotel - 13/2/2001",
            "Amount": 50,
            "CreditPaymentMode": null,
            "SLCode": 0,
            "PaymentType": "All Insurance Policy Types",
            "SerialNumber": 0,
            "CounterPartyRefNo": null,
            "PreparedBy": null,
            "ApprovedBy": null,
            "PreparedDate": null,
            "ApprovedDate": null,
            "ClaimYear": null,
            "SettlementType": null,
            "CounterPartyRef": null,
            "CostCentre": "GENERAL",
            "RefTranId": 20,
            "RefTranType": "PAYMENT OTHERS",
            "RefTranSlNo": 2,
            "Department": null,
            "ProjectIndicator": null,
            "AnalysisCode": null,
            "TaxInvoiceNo": 20,
            "Commission": 0
        },
        {
            "VoucherNo": 20,
            "ConcPolicyNumber": null,
            "TransactionNo": null,
            "Date": null,
            "DateFormated": "",
            "CustomerName": null,
            "Name": null,
            "Description": "Attestation of Certificates (3-Nos.)  - N.B.Pillai.",
            "Amount": 500,
            "CreditPaymentMode": null,
            "SLCode": 0,
            "PaymentType": "All Insurance Policy Types",
            "SerialNumber": 0,
            "CounterPartyRefNo": null,
            "PreparedBy": null,
            "ApprovedBy": null,
            "PreparedDate": null,
            "ApprovedDate": null,
            "ClaimYear": null,
            "SettlementType": null,
            "CounterPartyRef": null,
            "CostCentre": "GENERAL",
            "RefTranId": 20,
            "RefTranType": "PAYMENT OTHERS",
            "RefTranSlNo": 3,
            "Department": null,
            "ProjectIndicator": null,
            "AnalysisCode": null,
            "TaxInvoiceNo": 20,
            "Commission": 0
        },
        {
            "VoucherNo": 83,
            "ConcPolicyNumber": null,
            "TransactionNo": null,
            "Date": null,
            "DateFormated": "",
            "CustomerName": null,
            "Name": null,
            "Description": "Reimbursement of conveyance expenses to Royal & back",
            "Amount": 34,
            "CreditPaymentMode": null,
            "SLCode": 0,
            "PaymentType": "All Insurance Policy Types",
            "SerialNumber": 0,
            "CounterPartyRefNo": null,
            "PreparedBy": null,
            "ApprovedBy": null,
            "PreparedDate": null,
            "ApprovedDate": null,
            "ClaimYear": null,
            "SettlementType": null,
            "CounterPartyRef": null,
            "CostCentre": "GENERAL",
            "RefTranId": 83,
            "RefTranType": "PAYMENT OTHERS",
            "RefTranSlNo": 1,
            "Department": null,
            "ProjectIndicator": null,
            "AnalysisCode": null,
            "TaxInvoiceNo": 83,
            "Commission": 0
        }
    ],
    "Language": null,
    "CreateBy": null,
    "CreateDate": "0001-01-01T00:00:00",
    "ModifyBy": null,
    "ModifyDate": "0001-01-01T00:00:00",
    "Validation": null
}