{
    "ReceiptNo": 74391,
    "ReceiptDate": "2008-12-14T00:00:00",
    "ReceiptDescription": "CLM:100603, CR:23H071512, CLM:59 2008H055604, ",
    "TransactionDate": "2008-12-14T00:00:00",
    "TotalAmount": -22250,
    "ReceiptName": "AL-BUHAIRA NATIONAL INSURANCE CO.",
    "Status": "Matched",
    "InstrumentNo": 147446,
    "InstrumentDate": "2008-12-03T00:00:00",
    "PreparedBy": "Gracy - RSA Dubai",
    "PreparedDate": null,
    "ApprovedBy": "Gracy - RSA Dubai",
    "ApprovedDate": null,
    "Bank": "HSBC BANK MIDDLE EAST - CALL A/C",
    "ApprovalCode": null,
    "ReceiptPolicyCollection": [
        {
            "PolicyID": 5028764,
            "PolicyNumber": 5025778,
            "ConcPolicyNumber": "1/1/020/5025778",
            "CostCenter": "GENERAL",
            "PolicyType": null,
            "CustomerName": "AL-BUHAIRA NATIONAL INSURANCE CO.",
            "DebitNoteNo": 5028399,
            "Amount": -22250,
            "Commission": 0,
            "Department": null,
            "ReferenceID": 147448,
            "ReferencTransType": "INSURER CLAIM RECOVERY",
            "RefTransTypeId": 14,
            "ReferenceTranSNo": 1099637,
            "AnalysisCode": null,
            "CounterPartyRefNo": null
        },
        {
            "PolicyID": 5028764,
            "PolicyNumber": 5025778,
            "ConcPolicyNumber": "1/1/020/5025778",
            "CostCenter": "GENERAL",
            "PolicyType": null,
            "CustomerName": "AL-BUHAIRA NATIONAL INSURANCE CO.",
            "DebitNoteNo": 272698,
            "Amount": -22250,
            "Commission": 0,
            "Department": null,
            "ReferenceID": 147448,
            "ReferencTransType": "INSURER CLAIM RECOVERY",
            "RefTransTypeId": 14,
            "ReferenceTranSNo": 1099637,
            "AnalysisCode": null,
            "CounterPartyRefNo": null
        },
        {
            "PolicyID": 5028764,
            "PolicyNumber": 5025778,
            "ConcPolicyNumber": "1/1/020/5025778",
            "CostCenter": "GENERAL",
            "PolicyType": null,
            "CustomerName": "AL-BUHAIRA NATIONAL INSURANCE CO.",
            "DebitNoteNo": 242856,
            "Amount": -22250,
            "Commission": 0,
            "Department": null,
            "ReferenceID": 147448,
            "ReferencTransType": "INSURER CLAIM RECOVERY",
            "RefTransTypeId": 14,
            "ReferenceTranSNo": 1099637,
            "AnalysisCode": null,
            "CounterPartyRefNo": null
        },
        {
            "PolicyID": 5028764,
            "PolicyNumber": 5025778,
            "ConcPolicyNumber": "1/1/020/5025778",
            "CostCenter": "GENERAL",
            "PolicyType": null,
            "CustomerName": "AL-BUHAIRA NATIONAL INSURANCE CO.",
            "DebitNoteNo": 299042,
            "Amount": -22250,
            "Commission": 0,
            "Department": null,
            "ReferenceID": 147448,
            "ReferencTransType": "INSURER CLAIM RECOVERY",
            "RefTransTypeId": 14,
            "ReferenceTranSNo": 1099637,
            "AnalysisCode": null,
            "CounterPartyRefNo": null
        }
    ]
}