{
    "ReceiptNo": 407626,
    "ReceiptDate": "2016-12-31T00:00:00",
    "ReceiptDescription": "Payment received passed on account to be allocated later",
    "TransactionDate": "2016-12-31T00:00:00",
    "TotalAmount": -4780,
    "ReceiptName": "GLOBAL SHIPPING LOGISTICS LLC",
    "Status": "UnMatched",
    "InstrumentNo": 999,
    "InstrumentDate": "2016-06-28T00:00:00",
    "PreparedBy": "Harish Nambiar - RSA DXB",
    "PreparedDate": null,
    "ApprovedBy": "Harish Nambiar - RSA DXB",
    "ApprovedDate": null,
    "Bank": "HSBC BANK MIDDLE EAST - CALL A/C",
    "ApprovalCode": "1203",
    "ReceiptPolicyCollection": [
        {
            "PolicyID": null,
            "PolicyNumber": null,
            "ConcPolicyNumber": null,
            "CostCenter": "GENERAL",
            "PolicyType": null,
            "CustomerName": "GLOBAL SHIPPING LOGISTICS LLC",
            "DebitNoteNo": 0,
            "Amount": -4780,
            "Commission": 0,
            "Department": null,
            "ReferenceID": 407626,
            "ReferencTransType": "RECEIPT",
            "RefTransTypeId": 3,
            "ReferenceTranSNo": 1,
            "AnalysisCode": null,
            "CounterPartyRefNo": null
        }
    ]
}