{
    "ReceiptNo": 539910,
    "ReceiptDate": "2018-03-26T00:00:00",
    "ReceiptDescription": "POL PNo's 30449672 ",
    "TransactionDate": "2018-03-26T00:00:00",
    "TotalAmount": -892.5,
    "ReceiptName": "AKRAM SAYED MADBOLI ABDELSALAM",
    "Status": "Matched",
    "InstrumentNo": 110,
    "InstrumentDate": "2018-02-19T00:00:00",
    "PreparedBy": "Santoshi K - RSA Dubai",
    "PreparedDate": null,
    "ApprovedBy": "Santoshi K - RSA Dubai",
    "ApprovedDate": null,
    "Bank": "HSBC BANK MIDDLE EAST - CALL A/C",
    "ApprovalCode": null,
    "ReceiptPolicyCollection": [
        {
            "PolicyID": 10067075,
            "PolicyNumber": 30449672,
            "ConcPolicyNumber": "1/1/020/30449672",
            "CostCenter": "GENERAL",
            "PolicyType": null,
            "CustomerName": "AKRAM SAYED MADBOLI ABDELSALAM",
            "DebitNoteNo": 1335501,
            "Amount": -892.5,
            "Commission": 0,
            "Department": null,
            "ReferenceID": 10067075,
            "ReferencTransType": "POLICY",
            "RefTransTypeId": 1,
            "ReferenceTranSNo": 0,
            "AnalysisCode": null,
            "CounterPartyRefNo": null
        }
    ]
}