{
    "VoucherNo": 110,
    "Description": "HOUSE RENT FOR N.B.PILLAI",
    "Bank": "HSBC BANK MIDDLE EAST - Deira",
    "Date": "2001-05-06T00:00:00",
    "PaymentType": "Policy",
    "CustomerName": null,
    "PaymentMode": "Cheque",
    "Amount": 9873,
    "Status": null,
    "Costcentre": "GENERAL",
    "ClassCode": null,
    "ClaimYear": null,
    "SettlementType": null,
    "ChequeNo": null,
    "ChequeDate": null,
    "ChequeType": null,
    "InstrumentNo": 29850,
    "PaymnentType": null,
    "InstrumentDate": "2001-05-06T00:00:00",
    "PreparedBy": "SL - RSA Dubai",
    "ApprovedBy": "SL - RSA Dubai",
    "PreparedDate": null,
    "ApprovedDate": null,
    "VoucherPaymentCollection": [
        {
            "VoucherNo": 110,
            "ConcPolicyNumber": null,
            "TransactionNo": 110,
            "Date": "2001-05-06T00:00:00",
            "DateFormated": "06 May 2001",
            "CustomerName": null,
            "Name": "Payment of House Rent for N.B. Pillai.",
            "Description": null,
            "Amount": 9873,
            "CreditPaymentMode": null,
            "SLCode": 0,
            "PaymentType": null,
            "SerialNumber": 0,
            "CounterPartyRefNo": null,
            "PreparedBy": null,
            "ApprovedBy": null,
            "PreparedDate": null,
            "ApprovedDate": null,
            "ClaimYear": null,
            "SettlementType": null,
            "CounterPartyRef": null,
            "CostCentre": null,
            "RefTranId": null,
            "RefTranType": null,
            "RefTranSlNo": null,
            "Department": null,
            "ProjectIndicator": null,
            "AnalysisCode": null,
            "TaxInvoiceNo": null,
            "Commission": null
        }
    ],
    "Language": null,
    "CreateBy": null,
    "CreateDate": "0001-01-01T00:00:00",
    "ModifyBy": null,
    "ModifyDate": "0001-01-01T00:00:00",
    "Validation": null
}