[
  {
    "$id": "1",
    "EntityCode": 196,
    "EntityType": "Broker",
    "GlCode": 196.0,
    "VoucherNo": 1311988.0,
    "VoucherType": "DEBIT NOTE",
    "VoucherDate": "02 Jan 2018",
    "ConvertVouDate": "2018-01-02T00:00:00",
    "TransactionType": "ENDORSEMENT",
    "TransactionTypeId": 2.0,
    "Class": "WC/TPL",
    "ClassCode": 7.0,
    "TransactionNo": 1.0,
    "Amt": 113.80,
    "Amount": "Dr113.80",
    "CustomerName": "SURAKSHA INSURANCE BROKERS LLC",
    "CounterPartyReferenceNo": null,
    "Description": "Policy No : 4798 - Public Liability Insurance Policy-AL BARARI FIRM MANAGEMENT ( L L C ) ",
    "RefTranID": 1060416.0,
    "RefTranType": "ENDORSEMENT",
    "RefTranTypeId": 2.0,
    "RefTranSerialNo": 472896.0,
    "SerialNo": 0.0,
    "DepartmentCode": null,
    "ProjectIndicatorCode": null,
    "PlaceHolderCode": null,
    "DepartmentName": null,
    "ProjectIndicator": null,
    "PlaceHolder": null,
    "BranchCode": 20.0,
    "BranchName": "DUBAI",
    "TotallingAccCode": 1420.0,
    "TotallingAccName": "MILLENNIUM INSURANCE BROKERS CO LLC",
    "GLAccount": 0.0,
    "GLAccountName": "1-2-20-11-1420-196",
    "PreparedBy": "SYSTEM VAT",
    "ApprovedBy": null,
    "ApprovedDate": "",
    "PreparedDate": "02 Jan 2018",
    "Matched": 0,
    "PolicyId": 1060416.0,
    "ClaimId": 0.0,
    "Endt_ID": 472896.0,
    "Policy_No": 4798.0
  },
  {
    "$id": "2",
    "EntityCode": 196,
    "EntityType": "Broker",
    "GlCode": 196.0,
    "VoucherNo": 1311936.0,
    "VoucherType": "DEBIT NOTE",
    "VoucherDate": "02 Jan 2018",
    "ConvertVouDate": "2018-01-02T00:00:00",
    "TransactionType": "ENDORSEMENT",
    "TransactionTypeId": 2.0,
    "Class": "FIRE",
    "ClassCode": 2.0,
    "TransactionNo": 4.0,
    "Amt": 487.90,
    "Amount": "Dr487.90",
    "CustomerName": "SURAKSHA INSURANCE BROKERS LLC",
    "CounterPartyReferenceNo": null,
    "Description": "Policy No : 9822 - Commercial and Industrial Property \"All Risks\" Insurance Policy-AL BARARI FIRM MANAGEMENT ( L L C ) ",
    "RefTranID": 1060423.0,
    "RefTranType": "ENDORSEMENT",
    "RefTranTypeId": 2.0,
    "RefTranSerialNo": 472844.0,
    "SerialNo": 0.0,
    "DepartmentCode": null,
    "ProjectIndicatorCode": null,
    "PlaceHolderCode": null,
    "DepartmentName": null,
    "ProjectIndicator": null,
    "PlaceHolder": null,
    "BranchCode": 20.0,
    "BranchName": "DUBAI",
    "TotallingAccCode": 1420.0,
    "TotallingAccName": "MILLENNIUM INSURANCE BROKERS CO LLC",
    "GLAccount": 0.0,
    "GLAccountName": "1-2-20-11-1420-196",
    "PreparedBy": "SYSTEM VAT",
    "ApprovedBy": null,
    "ApprovedDate": "",
    "PreparedDate": "02 Jan 2018",
    "Matched": 0,
    "PolicyId": 1060423.0,
    "ClaimId": 0.0,
    "Endt_ID": 472844.0,
    "Policy_No": 9822.0
  },
  {
    "$id": "3",
    "EntityCode": 196,
    "EntityType": "Broker",
    "GlCode": 196.0,
    "VoucherNo": 1312713.0,
    "VoucherType": "DEBIT NOTE",
    "VoucherDate": "02 Jan 2018",
    "ConvertVouDate": "2018-01-02T00:00:00",
    "TransactionType": "ENDORSEMENT",
    "TransactionTypeId": 2.0,
    "Class": "WC/TPL",
    "ClassCode": 7.0,
    "TransactionNo": 1.0,
    "Amt": 599.55,
    "Amount": "Dr599.55",
    "CustomerName": "SURAKSHA INSURANCE BROKERS LLC",
    "CounterPartyReferenceNo": null,
    "Description": "Policy No : 7050 - Workmen Compensation Insurance Policy-PRISTINE PRIVATE SCHOOL &/OR PRISTINE RAINBOW NURSERY  ",
    "RefTranID": 1322819.0,
    "RefTranType": "ENDORSEMENT",
    "RefTranTypeId": 2.0,
    "RefTranSerialNo": 473621.0,
    "SerialNo": 0.0,
    "DepartmentCode": null,
    "ProjectIndicatorCode": null,
    "PlaceHolderCode": null,
    "DepartmentName": null,
    "ProjectIndicator": null,
    "PlaceHolder": null,
    "BranchCode": 20.0,
    "BranchName": "DUBAI",
    "TotallingAccCode": 1420.0,
    "TotallingAccName": "MILLENNIUM INSURANCE BROKERS CO LLC",
    "GLAccount": 0.0,
    "GLAccountName": "1-2-20-11-1420-196",
    "PreparedBy": "SYSTEM VAT",
    "ApprovedBy": null,
    "ApprovedDate": "",
    "PreparedDate": "02 Jan 2018",
    "Matched": 0,
    "PolicyId": 1322819.0,
    "ClaimId": 0.0,
    "Endt_ID": 473621.0,
    "Policy_No": 7050.0
  },
  {
    "$id": "4",
    "EntityCode": 196,
    "EntityType": "Broker",
    "GlCode": 196.0,
    "VoucherNo": 1351940.0,
    "VoucherType": "DEBIT NOTE",
    "VoucherDate": "25 Mar 2018",
    "ConvertVouDate": "2018-03-25T00:00:00",
    "TransactionType": "ENDORSEMENT",
    "TransactionTypeId": 2.0,
    "Class": "WC/TPL",
    "ClassCode": 7.0,
    "TransactionNo": 2.0,
    "Amt": 329.14,
    "Amount": "Dr329.14",
    "CustomerName": "SURAKSHA INSURANCE BROKERS LLC",
    "CounterPartyReferenceNo": null,
    "Description": "Policy No : 7050 - Workmen Compensation Insurance Policy-PRISTINE PRIVATE SCHOOL &/OR PRISTINE RAINBOW NURSERY  ",
    "RefTranID": 1322819.0,
    "RefTranType": "ENDORSEMENT",
    "RefTranTypeId": 2.0,
    "RefTranSerialNo": 487253.0,
    "SerialNo": 0.0,
    "DepartmentCode": null,
    "ProjectIndicatorCode": null,
    "PlaceHolderCode": null,
    "DepartmentName": null,
    "ProjectIndicator": null,
    "PlaceHolder": null,
    "BranchCode": 20.0,
    "BranchName": "DUBAI",
    "TotallingAccCode": 1420.0,
    "TotallingAccName": "MILLENNIUM INSURANCE BROKERS CO LLC",
    "GLAccount": 0.0,
    "GLAccountName": "1-2-20-11-1420-196",
    "PreparedBy": null,
    "ApprovedBy": null,
    "ApprovedDate": "",
    "PreparedDate": "",
    "Matched": 0,
    "PolicyId": 1322819.0,
    "ClaimId": 0.0,
    "Endt_ID": 487253.0,
    "Policy_No": 7050.0
  },
  {
    "$id": "5",
    "EntityCode": 196,
    "EntityType": "Broker",
    "GlCode": 196.0,
    "VoucherNo": 675289.0,
    "VoucherType": "",
    "VoucherDate": "25 Mar 2018",
    "ConvertVouDate": "2018-03-25T16:48:00",
    "TransactionType": "BROKERAGE OUTGO",
    "TransactionTypeId": 17.0,
    "Class": "WC/TPL",
    "ClassCode": 7.0,
    "TransactionNo": 0.0,
    "Amt": -65.82,
    "Amount": "Cr65.82",
    "CustomerName": "PRISTINE PRIVATE SCHOOL &/OR PRISTINE RAINBOW NURSERY ",
    "CounterPartyReferenceNo": null,
    "Description": "Policy No : 7050 - Workmen Compensation Insurance Policy PRISTINE PRIVATE SCHOOL &/OR PRISTINE RAINBOW NURSERY  ",
    "RefTranID": 1322819.0,
    "RefTranType": "BROKERAGE OUTGO",
    "RefTranTypeId": 17.0,
    "RefTranSerialNo": 487253.0,
    "SerialNo": 0.0,
    "DepartmentCode": null,
    "ProjectIndicatorCode": null,
    "PlaceHolderCode": null,
    "DepartmentName": null,
    "ProjectIndicator": null,
    "PlaceHolder": null,
    "BranchCode": 20.0,
    "BranchName": "DUBAI",
    "TotallingAccCode": 1420.0,
    "TotallingAccName": "MILLENNIUM INSURANCE BROKERS CO LLC",
    "GLAccount": 0.0,
    "GLAccountName": "1-2-20-11-1420-196",
    "PreparedBy": null,
    "ApprovedBy": null,
    "ApprovedDate": null,
    "PreparedDate": null,
    "Matched": 0,
    "PolicyId": 1322819.0,
    "ClaimId": 0.0,
    "Endt_ID": 487253.0,
    "Policy_No": 7050.0
  },
  {
    "$id": "6",
    "EntityCode": 196,
    "EntityType": "Broker",
    "GlCode": 196.0,
    "VoucherNo": 1352454.0,
    "VoucherType": "DEBIT NOTE",
    "VoucherDate": "26 Mar 2018",
    "ConvertVouDate": "2018-03-26T00:00:00",
    "TransactionType": "ENDORSEMENT",
    "TransactionTypeId": 2.0,
    "Class": "WC/TPL",
    "ClassCode": 7.0,
    "TransactionNo": 1.0,
    "Amt": 489.04,
    "Amount": "Dr489.04",
    "CustomerName": "SURAKSHA INSURANCE BROKERS LLC",
    "CounterPartyReferenceNo": null,
    "Description": "Policy No : 7051 - Public Liability Insurance Policy-PRISTINE PRIVATE SCHOOL &/OR PRISTINE RAINBOW NURSERY  ",
    "RefTranID": 1322821.0,
    "RefTranType": "ENDORSEMENT",
    "RefTranTypeId": 2.0,
    "RefTranSerialNo": 487436.0,
    "SerialNo": 0.0,
    "DepartmentCode": null,
    "ProjectIndicatorCode": null,
    "PlaceHolderCode": null,
    "DepartmentName": null,
    "ProjectIndicator": null,
    "PlaceHolder": null,
    "BranchCode": 20.0,
    "BranchName": "DUBAI",
    "TotallingAccCode": 1420.0,
    "TotallingAccName": "MILLENNIUM INSURANCE BROKERS CO LLC",
    "GLAccount": 0.0,
    "GLAccountName": "1-2-20-11-1420-196",
    "PreparedBy": null,
    "ApprovedBy": null,
    "ApprovedDate": "",
    "PreparedDate": "",
    "Matched": 0,
    "PolicyId": 1322821.0,
    "ClaimId": 0.0,
    "Endt_ID": 487436.0,
    "Policy_No": 7051.0
  },
  {
    "$id": "7",
    "EntityCode": 196,
    "EntityType": "Broker",
    "GlCode": 196.0,
    "VoucherNo": 675790.0,
    "VoucherType": "",
    "VoucherDate": "26 Mar 2018",
    "ConvertVouDate": "2018-03-26T12:16:00",
    "TransactionType": "BROKERAGE OUTGO",
    "TransactionTypeId": 17.0,
    "Class": "WC/TPL",
    "ClassCode": 7.0,
    "TransactionNo": 0.0,
    "Amt": -97.81,
    "Amount": "Cr97.81",
    "CustomerName": "PRISTINE PRIVATE SCHOOL &/OR PRISTINE RAINBOW NURSERY ",
    "CounterPartyReferenceNo": null,
    "Description": "Policy No : 7051 - Public Liability Insurance Policy PRISTINE PRIVATE SCHOOL &/OR PRISTINE RAINBOW NURSERY  ",
    "RefTranID": 1322821.0,
    "RefTranType": "BROKERAGE OUTGO",
    "RefTranTypeId": 17.0,
    "RefTranSerialNo": 487436.0,
    "SerialNo": 0.0,
    "DepartmentCode": null,
    "ProjectIndicatorCode": null,
    "PlaceHolderCode": null,
    "DepartmentName": null,
    "ProjectIndicator": null,
    "PlaceHolder": null,
    "BranchCode": 20.0,
    "BranchName": "DUBAI",
    "TotallingAccCode": 1420.0,
    "TotallingAccName": "MILLENNIUM INSURANCE BROKERS CO LLC",
    "GLAccount": 0.0,
    "GLAccountName": "1-2-20-11-1420-196",
    "PreparedBy": null,
    "ApprovedBy": null,
    "ApprovedDate": null,
    "PreparedDate": null,
    "Matched": 0,
    "PolicyId": 1322821.0,
    "ClaimId": 0.0,
    "Endt_ID": 487436.0,
    "Policy_No": 7051.0
  },
  {
    "$id": "8",
    "EntityCode": 196,
    "EntityType": "Broker",
    "GlCode": 196.0,
    "VoucherNo": 1312715.0,
    "VoucherType": "DEBIT NOTE",
    "VoucherDate": "02 Jan 2018",
    "ConvertVouDate": "2018-01-02T00:00:00",
    "TransactionType": "ENDORSEMENT",
    "TransactionTypeId": 2.0,
    "Class": "FIRE",
    "ClassCode": 2.0,
    "TransactionNo": 1.0,
    "Amt": 478.51,
    "Amount": "Dr478.51",
    "CustomerName": "SURAKSHA INSURANCE BROKERS LLC",
    "CounterPartyReferenceNo": null,
    "Description": "Policy No : 10251 - Commercial and Industrial Property \"All Risks\" Insurance Policy-PRISTINE PRIVATE SCHOOL &/OR PRISTINE RAINBOW NURSERY  ",
    "RefTranID": 1322829.0,
    "RefTranType": "ENDORSEMENT",
    "RefTranTypeId": 2.0,
    "RefTranSerialNo": 473623.0,
    "SerialNo": 0.0,
    "DepartmentCode": null,
    "ProjectIndicatorCode": null,
    "PlaceHolderCode": null,
    "DepartmentName": null,
    "ProjectIndicator": null,
    "PlaceHolder": null,
    "BranchCode": 20.0,
    "BranchName": "DUBAI",
    "TotallingAccCode": 1420.0,
    "TotallingAccName": "MILLENNIUM INSURANCE BROKERS CO LLC",
    "GLAccount": 0.0,
    "GLAccountName": "1-2-20-11-1420-196",
    "PreparedBy": "SYSTEM VAT",
    "ApprovedBy": null,
    "ApprovedDate": "",
    "PreparedDate": "02 Jan 2018",
    "Matched": 0,
    "PolicyId": 1322829.0,
    "ClaimId": 0.0,
    "Endt_ID": 473623.0,
    "Policy_No": 10251.0
  },
  {
    "$id": "9",
    "EntityCode": 196,
    "EntityType": "Broker",
    "GlCode": 196.0,
    "VoucherNo": 1350618.0,
    "VoucherType": "DEBIT NOTE",
    "VoucherDate": "22 Mar 2018",
    "ConvertVouDate": "2018-03-22T00:00:00",
    "TransactionType": "ENDORSEMENT",
    "TransactionTypeId": 2.0,
    "Class": "FIRE",
    "ClassCode": 2.0,
    "TransactionNo": 2.0,
    "Amt": 122.26,
    "Amount": "Dr122.26",
    "CustomerName": "SURAKSHA INSURANCE BROKERS LLC",
    "CounterPartyReferenceNo": null,
    "Description": "Policy No : 10251 - Commercial and Industrial Property \"All Risks\" Insurance Policy-PRISTINE PRIVATE SCHOOL &/OR PRISTINE RAINBOW NURSERY  ",
    "RefTranID": 1322829.0,
    "RefTranType": "ENDORSEMENT",
    "RefTranTypeId": 2.0,
    "RefTranSerialNo": 486906.0,
    "SerialNo": 0.0,
    "DepartmentCode": null,
    "ProjectIndicatorCode": null,
    "PlaceHolderCode": null,
    "DepartmentName": null,
    "ProjectIndicator": null,
    "PlaceHolder": null,
    "BranchCode": 20.0,
    "BranchName": "DUBAI",
    "TotallingAccCode": 1420.0,
    "TotallingAccName": "MILLENNIUM INSURANCE BROKERS CO LLC",
    "GLAccount": 0.0,
    "GLAccountName": "1-2-20-11-1420-196",
    "PreparedBy": null,
    "ApprovedBy": null,
    "ApprovedDate": "",
    "PreparedDate": "",
    "Matched": 0,
    "PolicyId": 1322829.0,
    "ClaimId": 0.0,
    "Endt_ID": 486906.0,
    "Policy_No": 10251.0
  },
  {
    "$id": "10",
    "EntityCode": 196,
    "EntityType": "Broker",
    "GlCode": 196.0,
    "VoucherNo": 674155.0,
    "VoucherType": "",
    "VoucherDate": "22 Mar 2018",
    "ConvertVouDate": "2018-03-22T10:49:00",
    "TransactionType": "BROKERAGE OUTGO",
    "TransactionTypeId": 17.0,
    "Class": "FIRE",
    "ClassCode": 2.0,
    "TransactionNo": 0.0,
    "Amt": -24.45,
    "Amount": "Cr24.45",
    "CustomerName": "PRISTINE PRIVATE SCHOOL &/OR PRISTINE RAINBOW NURSERY ",
    "CounterPartyReferenceNo": null,
    "Description": "Policy No : 10251 - Commercial and Industrial Property \"All Risks\" Insurance Policy PRISTINE PRIVATE SCHOOL &/OR PRISTINE RAINBOW NURSERY  ",
    "RefTranID": 1322829.0,
    "RefTranType": "BROKERAGE OUTGO",
    "RefTranTypeId": 17.0,
    "RefTranSerialNo": 486906.0,
    "SerialNo": 0.0,
    "DepartmentCode": null,
    "ProjectIndicatorCode": null,
    "PlaceHolderCode": null,
    "DepartmentName": null,
    "ProjectIndicator": null,
    "PlaceHolder": null,
    "BranchCode": 20.0,
    "BranchName": "DUBAI",
    "TotallingAccCode": 1420.0,
    "TotallingAccName": "MILLENNIUM INSURANCE BROKERS CO LLC",
    "GLAccount": 0.0,
    "GLAccountName": "1-2-20-11-1420-196",
    "PreparedBy": null,
    "ApprovedBy": null,
    "ApprovedDate": null,
    "PreparedDate": null,
    "Matched": 0,
    "PolicyId": 1322829.0,
    "ClaimId": 0.0,
    "Endt_ID": 486906.0,
    "Policy_No": 10251.0
  },
  {
    "$id": "11",
    "EntityCode": 196,
    "EntityType": "Broker",
    "GlCode": 196.0,
    "VoucherNo": 1312738.0,
    "VoucherType": "DEBIT NOTE",
    "VoucherDate": "02 Jan 2018",
    "ConvertVouDate": "2018-01-02T00:00:00",
    "TransactionType": "ENDORSEMENT",
    "TransactionTypeId": 2.0,
    "Class": "GENERAL ACCIDENTS",
    "ClassCode": 5.0,
    "TransactionNo": 2.0,
    "Amt": 540.92,
    "Amount": "Dr540.92",
    "CustomerName": "SURAKSHA INSURANCE BROKERS LLC",
    "CounterPartyReferenceNo": null,
    "Description": "Policy No : 14486 - Group Personal Accident Insurance Policy-PRISTINE PRIVATE SCHOOL &/OR PRISTINE RAINBOW NURSERY  ",
    "RefTranID": 1326097.0,
    "RefTranType": "ENDORSEMENT",
    "RefTranTypeId": 2.0,
    "RefTranSerialNo": 473645.0,
    "SerialNo": 0.0,
    "DepartmentCode": null,
    "ProjectIndicatorCode": null,
    "PlaceHolderCode": null,
    "DepartmentName": null,
    "ProjectIndicator": null,
    "PlaceHolder": null,
    "BranchCode": 20.0,
    "BranchName": "DUBAI",
    "TotallingAccCode": 1420.0,
    "TotallingAccName": "MILLENNIUM INSURANCE BROKERS CO LLC",
    "GLAccount": 0.0,
    "GLAccountName": "1-2-20-11-1420-196",
    "PreparedBy": "SYSTEM VAT",
    "ApprovedBy": null,
    "ApprovedDate": "",
    "PreparedDate": "02 Jan 2018",
    "Matched": 0,
    "PolicyId": 1326097.0,
    "ClaimId": 0.0,
    "Endt_ID": 473645.0,
    "Policy_No": 14486.0
  },
  {
    "$id": "12",
    "EntityCode": 196,
    "EntityType": "Broker",
    "GlCode": 196.0,
    "VoucherNo": 1363635.0,
    "VoucherType": "DEBIT NOTE",
    "VoucherDate": "19 Apr 2018",
    "ConvertVouDate": "2018-04-19T00:00:00",
    "TransactionType": "ENDORSEMENT",
    "TransactionTypeId": 2.0,
    "Class": "GENERAL ACCIDENTS",
    "ClassCode": 5.0,
    "TransactionNo": 3.0,
    "Amt": 278.75,
    "Amount": "Dr278.75",
    "CustomerName": "SURAKSHA INSURANCE BROKERS LLC",
    "CounterPartyReferenceNo": null,
    "Description": "Policy No : 14486 - Group Personal Accident Insurance Policy-PRISTINE PRIVATE SCHOOL &/OR PRISTINE RAINBOW NURSERY  ",
    "RefTranID": 1326097.0,
    "RefTranType": "ENDORSEMENT",
    "RefTranTypeId": 2.0,
    "RefTranSerialNo": 490781.0,
    "SerialNo": 0.0,
    "DepartmentCode": null,
    "ProjectIndicatorCode": null,
    "PlaceHolderCode": null,
    "DepartmentName": null,
    "ProjectIndicator": null,
    "PlaceHolder": null,
    "BranchCode": 20.0,
    "BranchName": "DUBAI",
    "TotallingAccCode": 1420.0,
    "TotallingAccName": "MILLENNIUM INSURANCE BROKERS CO LLC",
    "GLAccount": 0.0,
    "GLAccountName": "1-2-20-11-1420-196",
    "PreparedBy": null,
    "ApprovedBy": null,
    "ApprovedDate": "",
    "PreparedDate": "",
    "Matched": 0,
    "PolicyId": 1326097.0,
    "ClaimId": 0.0,
    "Endt_ID": 490781.0,
    "Policy_No": 14486.0
  },
  {
    "$id": "13",
    "EntityCode": 196,
    "EntityType": "Broker",
    "GlCode": 196.0,
    "VoucherNo": 685457.0,
    "VoucherType": "",
    "VoucherDate": "19 Apr 2018",
    "ConvertVouDate": "2018-04-19T10:50:00",
    "TransactionType": "BROKERAGE OUTGO",
    "TransactionTypeId": 17.0,
    "Class": "GENERAL ACCIDENTS",
    "ClassCode": 5.0,
    "TransactionNo": 0.0,
    "Amt": -55.76,
    "Amount": "Cr55.76",
    "CustomerName": "PRISTINE PRIVATE SCHOOL &/OR PRISTINE RAINBOW NURSERY ",
    "CounterPartyReferenceNo": null,
    "Description": "Policy No : 14486 - Group Personal Accident Insurance Policy PRISTINE PRIVATE SCHOOL &/OR PRISTINE RAINBOW NURSERY  ",
    "RefTranID": 1326097.0,
    "RefTranType": "BROKERAGE OUTGO",
    "RefTranTypeId": 17.0,
    "RefTranSerialNo": 490781.0,
    "SerialNo": 0.0,
    "DepartmentCode": null,
    "ProjectIndicatorCode": null,
    "PlaceHolderCode": null,
    "DepartmentName": null,
    "ProjectIndicator": null,
    "PlaceHolder": null,
    "BranchCode": 20.0,
    "BranchName": "DUBAI",
    "TotallingAccCode": 1420.0,
    "TotallingAccName": "MILLENNIUM INSURANCE BROKERS CO LLC",
    "GLAccount": 0.0,
    "GLAccountName": "1-2-20-11-1420-196",
    "PreparedBy": null,
    "ApprovedBy": null,
    "ApprovedDate": null,
    "PreparedDate": null,
    "Matched": 0,
    "PolicyId": 1326097.0,
    "ClaimId": 0.0,
    "Endt_ID": 490781.0,
    "Policy_No": 14486.0
  },
  {
    "$id": "14",
    "EntityCode": 196,
    "EntityType": "Broker",
    "GlCode": 196.0,
    "VoucherNo": 1333588.0,
    "VoucherType": "DEBIT NOTE",
    "VoucherDate": "14 Feb 2018",
    "ConvertVouDate": "2018-02-14T00:00:00",
    "TransactionType": "POLICY",
    "TransactionTypeId": 1.0,
    "Class": "FIRE",
    "ClassCode": 2.0,
    "TransactionNo": 2313058.0,
    "Amt": 803.20,
    "Amount": "Dr803.20",
    "CustomerName": "SURAKSHA INSURANCE BROKERS LLC",
    "CounterPartyReferenceNo": null,
    "Description": "Policy No : 2313058 - Business Comprehensive Insurance Policy-AL THAWB AL WATANI  TAILORING ",
    "RefTranID": 10065122.0,
    "RefTranType": "POLICY",
    "RefTranTypeId": 1.0,
    "RefTranSerialNo": 0.0,
    "SerialNo": 0.0,
    "DepartmentCode": null,
    "ProjectIndicatorCode": null,
    "PlaceHolderCode": null,
    "DepartmentName": null,
    "ProjectIndicator": null,
    "PlaceHolder": null,
    "BranchCode": 20.0,
    "BranchName": "DUBAI",
    "TotallingAccCode": 1420.0,
    "TotallingAccName": "MILLENNIUM INSURANCE BROKERS CO LLC",
    "GLAccount": 0.0,
    "GLAccountName": "1-2-20-11-1420-196",
    "PreparedBy": "Aziza Ghanem- Suraksha Insurance",
    "ApprovedBy": null,
    "ApprovedDate": "",
    "PreparedDate": "14 Feb 2018",
    "Matched": 0,
    "PolicyId": 10065122.0,
    "ClaimId": 0.0,
    "Endt_ID": 0.0,
    "Policy_No": 2313058.0
  },
  {
    "$id": "15",
    "EntityCode": 196,
    "EntityType": "Broker",
    "GlCode": 196.0,
    "VoucherNo": 660256.0,
    "VoucherType": "",
    "VoucherDate": "14 Feb 2018",
    "ConvertVouDate": "2018-02-14T17:22:37",
    "TransactionType": "BROKERAGE OUTGO",
    "TransactionTypeId": 17.0,
    "Class": "FIRE",
    "ClassCode": 2.0,
    "TransactionNo": 0.0,
    "Amt": -200.80,
    "Amount": "Cr200.80",
    "CustomerName": "SURAKSHA INSURANCE BROKERS- CL CUSTOMERS ",
    "CounterPartyReferenceNo": null,
    "Description": "Policy No : 2313058 - Business Comprehensive Insurance Policy AL THAWB AL WATANI  TAILORING ",
    "RefTranID": 10065122.0,
    "RefTranType": "BROKERAGE OUTGO",
    "RefTranTypeId": 17.0,
    "RefTranSerialNo": 0.0,
    "SerialNo": 0.0,
    "DepartmentCode": null,
    "ProjectIndicatorCode": null,
    "PlaceHolderCode": null,
    "DepartmentName": null,
    "ProjectIndicator": null,
    "PlaceHolder": null,
    "BranchCode": 20.0,
    "BranchName": "DUBAI",
    "TotallingAccCode": 1420.0,
    "TotallingAccName": "MILLENNIUM INSURANCE BROKERS CO LLC",
    "GLAccount": 0.0,
    "GLAccountName": "1-2-20-11-1420-196",
    "PreparedBy": null,
    "ApprovedBy": null,
    "ApprovedDate": null,
    "PreparedDate": null,
    "Matched": 0,
    "PolicyId": 10065122.0,
    "ClaimId": 0.0,
    "Endt_ID": 0.0,
    "Policy_No": 2313058.0
  },
  {
    "$id": "16",
    "EntityCode": 196,
    "EntityType": "Broker",
    "GlCode": 196.0,
    "VoucherNo": 679097.0,
    "VoucherType": "",
    "VoucherDate": "03 Apr 2018",
    "ConvertVouDate": "2018-04-03T13:08:33",
    "TransactionType": "BROKERAGE OUTGO",
    "TransactionTypeId": 17.0,
    "Class": "WC/TPL",
    "ClassCode": 7.0,
    "TransactionNo": 0.0,
    "Amt": -597.19,
    "Amount": "Cr597.19",
    "CustomerName": "SURAKSHA INSURANCE BROKERS- CL CUSTOMERS ",
    "CounterPartyReferenceNo": null,
    "Description": "Policy No : 8384 - Workmen Compensation Insurance Policy LORIENT GULF BUILDING MATERIALS TRADING LLC",
    "RefTranID": 10087968.0,
    "RefTranType": "BROKERAGE OUTGO",
    "RefTranTypeId": 17.0,
    "RefTranSerialNo": 0.0,
    "SerialNo": 0.0,
    "DepartmentCode": null,
    "ProjectIndicatorCode": null,
    "PlaceHolderCode": null,
    "DepartmentName": null,
    "ProjectIndicator": null,
    "PlaceHolder": null,
    "BranchCode": 20.0,
    "BranchName": "DUBAI",
    "TotallingAccCode": 1420.0,
    "TotallingAccName": "MILLENNIUM INSURANCE BROKERS CO LLC",
    "GLAccount": 0.0,
    "GLAccountName": "1-2-20-11-1420-196",
    "PreparedBy": null,
    "ApprovedBy": null,
    "ApprovedDate": null,
    "PreparedDate": null,
    "Matched": 0,
    "PolicyId": 10087968.0,
    "ClaimId": 0.0,
    "Endt_ID": 0.0,
    "Policy_No": 8384.0
  },
  {
    "$id": "17",
    "EntityCode": 196,
    "EntityType": "Broker",
    "GlCode": 196.0,
    "VoucherNo": 1358516.0,
    "VoucherType": "DEBIT NOTE",
    "VoucherDate": "08 Apr 2018",
    "ConvertVouDate": "2018-04-08T00:00:00",
    "TransactionType": "POLICY",
    "TransactionTypeId": 1.0,
    "Class": "WC/TPL",
    "ClassCode": 7.0,
    "TransactionNo": 2313498.0,
    "Amt": 551.25,
    "Amount": "Dr551.25",
    "CustomerName": "SURAKSHA INSURANCE BROKERS LLC",
    "CounterPartyReferenceNo": null,
    "Description": "Policy No : 2313498 - Business Comprehensive Insurance Policy-BRIGHT VISION GIFTS TRADING LLC",
    "RefTranID": 10089816.0,
    "RefTranType": "POLICY",
    "RefTranTypeId": 1.0,
    "RefTranSerialNo": 0.0,
    "SerialNo": 0.0,
    "DepartmentCode": null,
    "ProjectIndicatorCode": null,
    "PlaceHolderCode": null,
    "DepartmentName": null,
    "ProjectIndicator": null,
    "PlaceHolder": null,
    "BranchCode": 20.0,
    "BranchName": "DUBAI",
    "TotallingAccCode": 1420.0,
    "TotallingAccName": "MILLENNIUM INSURANCE BROKERS CO LLC",
    "GLAccount": 0.0,
    "GLAccountName": "1-2-20-11-1420-196",
    "PreparedBy": "Aziza Ghanem- Suraksha Insurance",
    "ApprovedBy": null,
    "ApprovedDate": "",
    "PreparedDate": "08 Apr 2018",
    "Matched": 0,
    "PolicyId": 10089816.0,
    "ClaimId": 0.0,
    "Endt_ID": 0.0,
    "Policy_No": 2313498.0
  },
  {
    "$id": "18",
    "EntityCode": 196,
    "EntityType": "Broker",
    "GlCode": 196.0,
    "VoucherNo": 680638.0,
    "VoucherType": "",
    "VoucherDate": "08 Apr 2018",
    "ConvertVouDate": "2018-04-08T11:49:27",
    "TransactionType": "BROKERAGE OUTGO",
    "TransactionTypeId": 17.0,
    "Class": "WC/TPL",
    "ClassCode": 7.0,
    "TransactionNo": 0.0,
    "Amt": -137.81,
    "Amount": "Cr137.81",
    "CustomerName": "SURAKSHA INSURANCE BROKERS- CL CUSTOMERS ",
    "CounterPartyReferenceNo": null,
    "Description": "Policy No : 2313498 - Business Comprehensive Insurance Policy BRIGHT VISION GIFTS TRADING LLC",
    "RefTranID": 10089816.0,
    "RefTranType": "BROKERAGE OUTGO",
    "RefTranTypeId": 17.0,
    "RefTranSerialNo": 0.0,
    "SerialNo": 0.0,
    "DepartmentCode": null,
    "ProjectIndicatorCode": null,
    "PlaceHolderCode": null,
    "DepartmentName": null,
    "ProjectIndicator": null,
    "PlaceHolder": null,
    "BranchCode": 20.0,
    "BranchName": "DUBAI",
    "TotallingAccCode": 1420.0,
    "TotallingAccName": "MILLENNIUM INSURANCE BROKERS CO LLC",
    "GLAccount": 0.0,
    "GLAccountName": "1-2-20-11-1420-196",
    "PreparedBy": null,
    "ApprovedBy": null,
    "ApprovedDate": null,
    "PreparedDate": null,
    "Matched": 0,
    "PolicyId": 10089816.0,
    "ClaimId": 0.0,
    "Endt_ID": 0.0,
    "Policy_No": 2313498.0
  },
  {
    "$id": "19",
    "EntityCode": 196,
    "EntityType": "Broker",
    "GlCode": 196.0,
    "VoucherNo": 1372577.0,
    "VoucherType": "DEBIT NOTE",
    "VoucherDate": "08 May 2018",
    "ConvertVouDate": "2018-05-08T00:00:00",
    "TransactionType": "POLICY",
    "TransactionTypeId": 1.0,
    "Class": "WC/TPL",
    "ClassCode": 7.0,
    "TransactionNo": 2700094.0,
    "Amt": 12593.78,
    "Amount": "Dr12593.78",
    "CustomerName": "SURAKSHA INSURANCE BROKERS LLC",
    "CounterPartyReferenceNo": null,
    "Description": "Policy No : 2700094 - Business Comprehensive Plus Insurance Policy-CHARLEY'S GRILLED SUBS RESTAURANT - BRANCH",
    "RefTranID": 10092139.0,
    "RefTranType": "POLICY",
    "RefTranTypeId": 1.0,
    "RefTranSerialNo": 0.0,
    "SerialNo": 0.0,
    "DepartmentCode": null,
    "ProjectIndicatorCode": null,
    "PlaceHolderCode": null,
    "DepartmentName": null,
    "ProjectIndicator": null,
    "PlaceHolder": null,
    "BranchCode": 20.0,
    "BranchName": "DUBAI",
    "TotallingAccCode": 1420.0,
    "TotallingAccName": "MILLENNIUM INSURANCE BROKERS CO LLC",
    "GLAccount": 0.0,
    "GLAccountName": "1-2-20-11-1420-196",
    "PreparedBy": "STEFNY COLACO - RSA DXB",
    "ApprovedBy": "STEFNY COLACO - RSA DXB",
    "ApprovedDate": "08 May 2018",
    "PreparedDate": "12 Apr 2018",
    "Matched": 0,
    "PolicyId": 10092139.0,
    "ClaimId": 0.0,
    "Endt_ID": 0.0,
    "Policy_No": 2700094.0
  },
  {
    "$id": "20",
    "EntityCode": 196,
    "EntityType": "Broker",
    "GlCode": 196.0,
    "VoucherNo": 692731.0,
    "VoucherType": "CREDIT",
    "VoucherDate": "08 May 2018",
    "ConvertVouDate": "2018-05-08T00:00:00",
    "TransactionType": "BROKERAGE OUTGO",
    "TransactionTypeId": 17.0,
    "Class": "WC/TPL",
    "ClassCode": 7.0,
    "TransactionNo": 0.0,
    "Amt": -2518.76,
    "Amount": "Cr2518.76",
    "CustomerName": "AL MADANI GROUP",
    "CounterPartyReferenceNo": null,
    "Description": "Policy No : 2700094 - Business Comprehensive Plus Insurance Policy CHARLEY'S GRILLED SUBS RESTAURANT - BRANCH",
    "RefTranID": 10092139.0,
    "RefTranType": "BROKERAGE OUTGO",
    "RefTranTypeId": 17.0,
    "RefTranSerialNo": 0.0,
    "SerialNo": 0.0,
    "DepartmentCode": null,
    "ProjectIndicatorCode": null,
    "PlaceHolderCode": null,
    "DepartmentName": null,
    "ProjectIndicator": null,
    "PlaceHolder": null,
    "BranchCode": 20.0,
    "BranchName": "DUBAI",
    "TotallingAccCode": 1420.0,
    "TotallingAccName": "MILLENNIUM INSURANCE BROKERS CO LLC",
    "GLAccount": 0.0,
    "GLAccountName": "1-2-20-11-1420-196",
    "PreparedBy": null,
    "ApprovedBy": null,
    "ApprovedDate": null,
    "PreparedDate": null,
    "Matched": 0,
    "PolicyId": 10092139.0,
    "ClaimId": 0.0,
    "Endt_ID": 0.0,
    "Policy_No": 2700094.0
  },
  {
    "$id": "21",
    "EntityCode": 196,
    "EntityType": "Broker",
    "GlCode": 196.0,
    "VoucherNo": 699210.0,
    "VoucherType": "CREDIT",
    "VoucherDate": "24 May 2018",
    "ConvertVouDate": "2018-05-24T00:00:00",
    "TransactionType": "ENDORSEMENT",
    "TransactionTypeId": 2.0,
    "Class": "WC/TPL",
    "ClassCode": 7.0,
    "TransactionNo": 1.0,
    "Amt": -2100.0,
    "Amount": "Cr2100.00",
    "CustomerName": "EIIB - AWR SHOWROOM",
    "CounterPartyReferenceNo": null,
    "Description": "Policy No : 2700094 - Business Comprehensive Plus Insurance Policy-CHARLEY'S GRILLED SUBS RESTAURANT - BRANCH",
    "RefTranID": 10092139.0,
    "RefTranType": "ENDORSEMENT",
    "RefTranTypeId": 2.0,
    "RefTranSerialNo": 495520.0,
    "SerialNo": 0.0,
    "DepartmentCode": null,
    "ProjectIndicatorCode": null,
    "PlaceHolderCode": null,
    "DepartmentName": null,
    "ProjectIndicator": null,
    "PlaceHolder": null,
    "BranchCode": 20.0,
    "BranchName": "DUBAI",
    "TotallingAccCode": 1420.0,
    "TotallingAccName": "MILLENNIUM INSURANCE BROKERS CO LLC",
    "GLAccount": 0.0,
    "GLAccountName": "1-2-20-11-1420-196",
    "PreparedBy": null,
    "ApprovedBy": null,
    "ApprovedDate": "",
    "PreparedDate": "",
    "Matched": 0,
    "PolicyId": 10092139.0,
    "ClaimId": 0.0,
    "Endt_ID": 495520.0,
    "Policy_No": 2700094.0
  },
  {
    "$id": "22",
    "EntityCode": 196,
    "EntityType": "Broker",
    "GlCode": 196.0,
    "VoucherNo": 1379991.0,
    "VoucherType": "",
    "VoucherDate": "24 May 2018",
    "ConvertVouDate": "2018-05-24T11:08:00",
    "TransactionType": "BROKERAGE OUTGO",
    "TransactionTypeId": 17.0,
    "Class": "WC/TPL",
    "ClassCode": 7.0,
    "TransactionNo": 0.0,
    "Amt": 420.0,
    "Amount": "Dr420.00",
    "CustomerName": "AL MADANI GROUP",
    "CounterPartyReferenceNo": null,
    "Description": "Policy No : 2700094 - Business Comprehensive Plus Insurance Policy CHARLEY'S GRILLED SUBS RESTAURANT - BRANCH",
    "RefTranID": 10092139.0,
    "RefTranType": "BROKERAGE OUTGO",
    "RefTranTypeId": 17.0,
    "RefTranSerialNo": 495520.0,
    "SerialNo": 0.0,
    "DepartmentCode": null,
    "ProjectIndicatorCode": null,
    "PlaceHolderCode": null,
    "DepartmentName": null,
    "ProjectIndicator": null,
    "PlaceHolder": null,
    "BranchCode": 20.0,
    "BranchName": "DUBAI",
    "TotallingAccCode": 1420.0,
    "TotallingAccName": "MILLENNIUM INSURANCE BROKERS CO LLC",
    "GLAccount": 0.0,
    "GLAccountName": "1-2-20-11-1420-196",
    "PreparedBy": null,
    "ApprovedBy": null,
    "ApprovedDate": null,
    "PreparedDate": null,
    "Matched": 0,
    "PolicyId": 10092139.0,
    "ClaimId": 0.0,
    "Endt_ID": 495520.0,
    "Policy_No": 2700094.0
  },
  {
    "$id": "23",
    "EntityCode": 196,
    "EntityType": "Broker",
    "GlCode": 196.0,
    "VoucherNo": 1372637.0,
    "VoucherType": "DEBIT NOTE",
    "VoucherDate": "08 May 2018",
    "ConvertVouDate": "2018-05-08T00:00:00",
    "TransactionType": "POLICY",
    "TransactionTypeId": 1.0,
    "Class": "WC/TPL",
    "ClassCode": 7.0,
    "TransactionNo": 2700095.0,
    "Amt": 2816.10,
    "Amount": "Dr2816.10",
    "CustomerName": "SURAKSHA INSURANCE BROKERS LLC",
    "CounterPartyReferenceNo": null,
    "Description": "Policy No : 2700095 - Business Comprehensive Plus Insurance Policy-PITTER PATTER (BR.OF AL MADANI GROUP OF COMPANIES L L C)",
    "RefTranID": 10093542.0,
    "RefTranType": "POLICY",
    "RefTranTypeId": 1.0,
    "RefTranSerialNo": 0.0,
    "SerialNo": 0.0,
    "DepartmentCode": null,
    "ProjectIndicatorCode": null,
    "PlaceHolderCode": null,
    "DepartmentName": null,
    "ProjectIndicator": null,
    "PlaceHolder": null,
    "BranchCode": 20.0,
    "BranchName": "DUBAI",
    "TotallingAccCode": 1420.0,
    "TotallingAccName": "MILLENNIUM INSURANCE BROKERS CO LLC",
    "GLAccount": 0.0,
    "GLAccountName": "1-2-20-11-1420-196",
    "PreparedBy": "STEFNY COLACO - RSA DXB",
    "ApprovedBy": "STEFNY COLACO - RSA DXB",
    "ApprovedDate": "08 May 2018",
    "PreparedDate": "16 Apr 2018",
    "Matched": 0,
    "PolicyId": 10093542.0,
    "ClaimId": 0.0,
    "Endt_ID": 0.0,
    "Policy_No": 2700095.0
  },
  {
    "$id": "24",
    "EntityCode": 196,
    "EntityType": "Broker",
    "GlCode": 196.0,
    "VoucherNo": 692767.0,
    "VoucherType": "CREDIT",
    "VoucherDate": "08 May 2018",
    "ConvertVouDate": "2018-05-08T00:00:00",
    "TransactionType": "BROKERAGE OUTGO",
    "TransactionTypeId": 17.0,
    "Class": "WC/TPL",
    "ClassCode": 7.0,
    "TransactionNo": 0.0,
    "Amt": -563.22,
    "Amount": "Cr563.22",
    "CustomerName": "AL MADANI GROUP",
    "CounterPartyReferenceNo": null,
    "Description": "Policy No : 2700095 - Business Comprehensive Plus Insurance Policy PITTER PATTER (BR.OF AL MADANI GROUP OF COMPANIES L L C)",
    "RefTranID": 10093542.0,
    "RefTranType": "BROKERAGE OUTGO",
    "RefTranTypeId": 17.0,
    "RefTranSerialNo": 0.0,
    "SerialNo": 0.0,
    "DepartmentCode": null,
    "ProjectIndicatorCode": null,
    "PlaceHolderCode": null,
    "DepartmentName": null,
    "ProjectIndicator": null,
    "PlaceHolder": null,
    "BranchCode": 20.0,
    "BranchName": "DUBAI",
    "TotallingAccCode": 1420.0,
    "TotallingAccName": "MILLENNIUM INSURANCE BROKERS CO LLC",
    "GLAccount": 0.0,
    "GLAccountName": "1-2-20-11-1420-196",
    "PreparedBy": null,
    "ApprovedBy": null,
    "ApprovedDate": null,
    "PreparedDate": null,
    "Matched": 0,
    "PolicyId": 10093542.0,
    "ClaimId": 0.0,
    "Endt_ID": 0.0,
    "Policy_No": 2700095.0
  },
  {
    "$id": "25",
    "EntityCode": 196,
    "EntityType": "Broker",
    "GlCode": 196.0,
    "VoucherNo": 699173.0,
    "VoucherType": "CREDIT",
    "VoucherDate": "24 May 2018",
    "ConvertVouDate": "2018-05-24T00:00:00",
    "TransactionType": "ENDORSEMENT",
    "TransactionTypeId": 2.0,
    "Class": "WC/TPL",
    "ClassCode": 7.0,
    "TransactionNo": 1.0,
    "Amt": -262.50,
    "Amount": "Cr262.50",
    "CustomerName": "EMIRATES GROUP EMPLOYEES ",
    "CounterPartyReferenceNo": null,
    "Description": "Policy No : 2700095 - Business Comprehensive Plus Insurance Policy-PITTER PATTER (BR.OF AL MADANI GROUP OF COMPANIES L L C)",
    "RefTranID": 10093542.0,
    "RefTranType": "ENDORSEMENT",
    "RefTranTypeId": 2.0,
    "RefTranSerialNo": 495505.0,
    "SerialNo": 0.0,
    "DepartmentCode": null,
    "ProjectIndicatorCode": null,
    "PlaceHolderCode": null,
    "DepartmentName": null,
    "ProjectIndicator": null,
    "PlaceHolder": null,
    "BranchCode": 20.0,
    "BranchName": "DUBAI",
    "TotallingAccCode": 1420.0,
    "TotallingAccName": "MILLENNIUM INSURANCE BROKERS CO LLC",
    "GLAccount": 0.0,
    "GLAccountName": "1-2-20-11-1420-196",
    "PreparedBy": null,
    "ApprovedBy": null,
    "ApprovedDate": "",
    "PreparedDate": "",
    "Matched": 0,
    "PolicyId": 10093542.0,
    "ClaimId": 0.0,
    "Endt_ID": 495505.0,
    "Policy_No": 2700095.0
  },
  {
    "$id": "26",
    "EntityCode": 196,
    "EntityType": "Broker",
    "GlCode": 196.0,
    "VoucherNo": 1379940.0,
    "VoucherType": "",
    "VoucherDate": "24 May 2018",
    "ConvertVouDate": "2018-05-24T10:26:00",
    "TransactionType": "BROKERAGE OUTGO",
    "TransactionTypeId": 17.0,
    "Class": "WC/TPL",
    "ClassCode": 7.0,
    "TransactionNo": 0.0,
    "Amt": 52.50,
    "Amount": "Dr52.50",
    "CustomerName": "AL MADANI GROUP",
    "CounterPartyReferenceNo": null,
    "Description": "Policy No : 2700095 - Business Comprehensive Plus Insurance Policy PITTER PATTER (BR.OF AL MADANI GROUP OF COMPANIES L L C)",
    "RefTranID": 10093542.0,
    "RefTranType": "BROKERAGE OUTGO",
    "RefTranTypeId": 17.0,
    "RefTranSerialNo": 495505.0,
    "SerialNo": 0.0,
    "DepartmentCode": null,
    "ProjectIndicatorCode": null,
    "PlaceHolderCode": null,
    "DepartmentName": null,
    "ProjectIndicator": null,
    "PlaceHolder": null,
    "BranchCode": 20.0,
    "BranchName": "DUBAI",
    "TotallingAccCode": 1420.0,
    "TotallingAccName": "MILLENNIUM INSURANCE BROKERS CO LLC",
    "GLAccount": 0.0,
    "GLAccountName": "1-2-20-11-1420-196",
    "PreparedBy": null,
    "ApprovedBy": null,
    "ApprovedDate": null,
    "PreparedDate": null,
    "Matched": 0,
    "PolicyId": 10093542.0,
    "ClaimId": 0.0,
    "Endt_ID": 495505.0,
    "Policy_No": 2700095.0
  },
  {
    "$id": "27",
    "EntityCode": 196,
    "EntityType": "Broker",
    "GlCode": 196.0,
    "VoucherNo": 1372838.0,
    "VoucherType": "DEBIT NOTE",
    "VoucherDate": "01 May 2018",
    "ConvertVouDate": "2018-05-01T00:00:00",
    "TransactionType": "POLICY",
    "TransactionTypeId": 1.0,
    "Class": "WC/TPL",
    "ClassCode": 7.0,
    "TransactionNo": 2700096.0,
    "Amt": 3307.50,
    "Amount": "Dr3307.50",
    "CustomerName": "SURAKSHA INSURANCE BROKERS LLC",
    "CounterPartyReferenceNo": null,
    "Description": "Policy No : 2700096 - Business Comprehensive Plus Insurance Policy-AL THAWAB AL WATANI TAILORING L L C",
    "RefTranID": 10093909.0,
    "RefTranType": "POLICY",
    "RefTranTypeId": 1.0,
    "RefTranSerialNo": 0.0,
    "SerialNo": 0.0,
    "DepartmentCode": null,
    "ProjectIndicatorCode": null,
    "PlaceHolderCode": null,
    "DepartmentName": null,
    "ProjectIndicator": null,
    "PlaceHolder": null,
    "BranchCode": 20.0,
    "BranchName": "DUBAI",
    "TotallingAccCode": 1420.0,
    "TotallingAccName": "MILLENNIUM INSURANCE BROKERS CO LLC",
    "GLAccount": 0.0,
    "GLAccountName": "1-2-20-11-1420-196",
    "PreparedBy": "STEFNY COLACO - RSA DXB",
    "ApprovedBy": "STEFNY COLACO - RSA DXB",
    "ApprovedDate": "08 May 2018",
    "PreparedDate": "17 Apr 2018",
    "Matched": 0,
    "PolicyId": 10093909.0,
    "ClaimId": 0.0,
    "Endt_ID": 0.0,
    "Policy_No": 2700096.0
  },
  {
    "$id": "28",
    "EntityCode": 196,
    "EntityType": "Broker",
    "GlCode": 196.0,
    "VoucherNo": 692903.0,
    "VoucherType": "CREDIT",
    "VoucherDate": "01 May 2018",
    "ConvertVouDate": "2018-05-01T00:00:00",
    "TransactionType": "BROKERAGE OUTGO",
    "TransactionTypeId": 17.0,
    "Class": "WC/TPL",
    "ClassCode": 7.0,
    "TransactionNo": 0.0,
    "Amt": -661.50,
    "Amount": "Cr661.50",
    "CustomerName": "AL MADANI GROUP",
    "CounterPartyReferenceNo": null,
    "Description": "Policy No : 2700096 - Business Comprehensive Plus Insurance Policy AL THAWAB AL WATANI TAILORING L L C",
    "RefTranID": 10093909.0,
    "RefTranType": "BROKERAGE OUTGO",
    "RefTranTypeId": 17.0,
    "RefTranSerialNo": 0.0,
    "SerialNo": 0.0,
    "DepartmentCode": null,
    "ProjectIndicatorCode": null,
    "PlaceHolderCode": null,
    "DepartmentName": null,
    "ProjectIndicator": null,
    "PlaceHolder": null,
    "BranchCode": 20.0,
    "BranchName": "DUBAI",
    "TotallingAccCode": 1420.0,
    "TotallingAccName": "MILLENNIUM INSURANCE BROKERS CO LLC",
    "GLAccount": 0.0,
    "GLAccountName": "1-2-20-11-1420-196",
    "PreparedBy": null,
    "ApprovedBy": null,
    "ApprovedDate": null,
    "PreparedDate": null,
    "Matched": 0,
    "PolicyId": 10093909.0,
    "ClaimId": 0.0,
    "Endt_ID": 0.0,
    "Policy_No": 2700096.0
  },
  {
    "$id": "29",
    "EntityCode": 196,
    "EntityType": "Broker",
    "GlCode": 196.0,
    "VoucherNo": 699166.0,
    "VoucherType": "CREDIT",
    "VoucherDate": "24 May 2018",
    "ConvertVouDate": "2018-05-24T00:00:00",
    "TransactionType": "ENDORSEMENT",
    "TransactionTypeId": 2.0,
    "Class": "WC/TPL",
    "ClassCode": 7.0,
    "TransactionNo": 1.0,
    "Amt": -262.50,
    "Amount": "Cr262.50",
    "CustomerName": "GARGASH INSURANCE SERVICES",
    "CounterPartyReferenceNo": null,
    "Description": "Policy No : 2700096 - Business Comprehensive Plus Insurance Policy-AL THAWAB AL WATANI TAILORING L L C",
    "RefTranID": 10093909.0,
    "RefTranType": "ENDORSEMENT",
    "RefTranTypeId": 2.0,
    "RefTranSerialNo": 495500.0,
    "SerialNo": 0.0,
    "DepartmentCode": null,
    "ProjectIndicatorCode": null,
    "PlaceHolderCode": null,
    "DepartmentName": null,
    "ProjectIndicator": null,
    "PlaceHolder": null,
    "BranchCode": 20.0,
    "BranchName": "DUBAI",
    "TotallingAccCode": 1420.0,
    "TotallingAccName": "MILLENNIUM INSURANCE BROKERS CO LLC",
    "GLAccount": 0.0,
    "GLAccountName": "1-2-20-11-1420-196",
    "PreparedBy": null,
    "ApprovedBy": null,
    "ApprovedDate": "",
    "PreparedDate": "",
    "Matched": 0,
    "PolicyId": 10093909.0,
    "ClaimId": 0.0,
    "Endt_ID": 495500.0,
    "Policy_No": 2700096.0
  },
  {
    "$id": "30",
    "EntityCode": 196,
    "EntityType": "Broker",
    "GlCode": 196.0,
    "VoucherNo": 1379934.0,
    "VoucherType": "",
    "VoucherDate": "24 May 2018",
    "ConvertVouDate": "2018-05-24T10:15:00",
    "TransactionType": "BROKERAGE OUTGO",
    "TransactionTypeId": 17.0,
    "Class": "WC/TPL",
    "ClassCode": 7.0,
    "TransactionNo": 0.0,
    "Amt": 52.50,
    "Amount": "Dr52.50",
    "CustomerName": "AL MADANI GROUP",
    "CounterPartyReferenceNo": null,
    "Description": "Policy No : 2700096 - Business Comprehensive Plus Insurance Policy AL THAWAB AL WATANI TAILORING L L C",
    "RefTranID": 10093909.0,
    "RefTranType": "BROKERAGE OUTGO",
    "RefTranTypeId": 17.0,
    "RefTranSerialNo": 495500.0,
    "SerialNo": 0.0,
    "DepartmentCode": null,
    "ProjectIndicatorCode": null,
    "PlaceHolderCode": null,
    "DepartmentName": null,
    "ProjectIndicator": null,
    "PlaceHolder": null,
    "BranchCode": 20.0,
    "BranchName": "DUBAI",
    "TotallingAccCode": 1420.0,
    "TotallingAccName": "MILLENNIUM INSURANCE BROKERS CO LLC",
    "GLAccount": 0.0,
    "GLAccountName": "1-2-20-11-1420-196",
    "PreparedBy": null,
    "ApprovedBy": null,
    "ApprovedDate": null,
    "PreparedDate": null,
    "Matched": 0,
    "PolicyId": 10093909.0,
    "ClaimId": 0.0,
    "Endt_ID": 495500.0,
    "Policy_No": 2700096.0
  },
  {
    "$id": "31",
    "EntityCode": 196,
    "EntityType": "Broker",
    "GlCode": 196.0,
    "VoucherNo": 722632.0,
    "VoucherType": "CREDIT",
    "VoucherDate": "23 Jul 2018",
    "ConvertVouDate": "2018-07-23T00:00:00",
    "TransactionType": "ENDORSEMENT",
    "TransactionTypeId": 2.0,
    "Class": "FIRE",
    "ClassCode": 2.0,
    "TransactionNo": 2.0,
    "Amt": -1160.42,
    "Amount": "Cr1160.42",
    "CustomerName": "GARGASH INSURANCE SERVICES",
    "CounterPartyReferenceNo": null,
    "Description": "Policy No : 2700097 - Business Comprehensive Plus Insurance Policy-AL BARZA  AUTHENTIC TRADITIONAL RESTAURANT",
    "RefTranID": 10094213.0,
    "RefTranType": "ENDORSEMENT",
    "RefTranTypeId": 2.0,
    "RefTranSerialNo": 503537.0,
    "SerialNo": 0.0,
    "DepartmentCode": null,
    "ProjectIndicatorCode": null,
    "PlaceHolderCode": null,
    "DepartmentName": null,
    "ProjectIndicator": null,
    "PlaceHolder": null,
    "BranchCode": 20.0,
    "BranchName": "DUBAI",
    "TotallingAccCode": 1420.0,
    "TotallingAccName": "MILLENNIUM INSURANCE BROKERS CO LLC",
    "GLAccount": 0.0,
    "GLAccountName": "1-2-20-11-1420-196",
    "PreparedBy": null,
    "ApprovedBy": null,
    "ApprovedDate": "",
    "PreparedDate": "",
    "Matched": 0,
    "PolicyId": 10094213.0,
    "ClaimId": 0.0,
    "Endt_ID": 503537.0,
    "Policy_No": 2700097.0
  },
  {
    "$id": "32",
    "EntityCode": 196,
    "EntityType": "Broker",
    "GlCode": 196.0,
    "VoucherNo": 1410592.0,
    "VoucherType": "",
    "VoucherDate": "23 Jul 2018",
    "ConvertVouDate": "2018-07-23T10:58:00",
    "TransactionType": "BROKERAGE OUTGO",
    "TransactionTypeId": 17.0,
    "Class": "FIRE",
    "ClassCode": 2.0,
    "TransactionNo": 0.0,
    "Amt": 232.08,
    "Amount": "Dr232.08",
    "CustomerName": "AL MADANI GROUP",
    "CounterPartyReferenceNo": null,
    "Description": "Policy No : 2700097 - Business Comprehensive Plus Insurance Policy AL BARZA  AUTHENTIC TRADITIONAL RESTAURANT",
    "RefTranID": 10094213.0,
    "RefTranType": "BROKERAGE OUTGO",
    "RefTranTypeId": 17.0,
    "RefTranSerialNo": 503537.0,
    "SerialNo": 0.0,
    "DepartmentCode": null,
    "ProjectIndicatorCode": null,
    "PlaceHolderCode": null,
    "DepartmentName": null,
    "ProjectIndicator": null,
    "PlaceHolder": null,
    "BranchCode": 20.0,
    "BranchName": "DUBAI",
    "TotallingAccCode": 1420.0,
    "TotallingAccName": "MILLENNIUM INSURANCE BROKERS CO LLC",
    "GLAccount": 0.0,
    "GLAccountName": "1-2-20-11-1420-196",
    "PreparedBy": null,
    "ApprovedBy": null,
    "ApprovedDate": null,
    "PreparedDate": null,
    "Matched": 0,
    "PolicyId": 10094213.0,
    "ClaimId": 0.0,
    "Endt_ID": 503537.0,
    "Policy_No": 2700097.0
  },
  {
    "$id": "33",
    "EntityCode": 196,
    "EntityType": "Broker",
    "GlCode": 196.0,
    "VoucherNo": 1372014.0,
    "VoucherType": "DEBIT NOTE",
    "VoucherDate": "07 May 2018",
    "ConvertVouDate": "2018-05-07T00:00:00",
    "TransactionType": "POLICY",
    "TransactionTypeId": 1.0,
    "Class": "FIRE",
    "ClassCode": 2.0,
    "TransactionNo": 2700097.0,
    "Amt": 1743.0,
    "Amount": "Dr1743.00",
    "CustomerName": "SURAKSHA INSURANCE BROKERS LLC",
    "CounterPartyReferenceNo": null,
    "Description": "Policy No : 2700097 - Business Comprehensive Plus Insurance Policy-AL BARZA  AUTHENTIC TRADITIONAL RESTAURANT",
    "RefTranID": 10094213.0,
    "RefTranType": "POLICY",
    "RefTranTypeId": 1.0,
    "RefTranSerialNo": 0.0,
    "SerialNo": 0.0,
    "DepartmentCode": null,
    "ProjectIndicatorCode": null,
    "PlaceHolderCode": null,
    "DepartmentName": null,
    "ProjectIndicator": null,
    "PlaceHolder": null,
    "BranchCode": 20.0,
    "BranchName": "DUBAI",
    "TotallingAccCode": 1420.0,
    "TotallingAccName": "MILLENNIUM INSURANCE BROKERS CO LLC",
    "GLAccount": 0.0,
    "GLAccountName": "1-2-20-11-1420-196",
    "PreparedBy": "STEFNY COLACO - RSA DXB",
    "ApprovedBy": "STEFNY COLACO - RSA DXB",
    "ApprovedDate": "07 May 2018",
    "PreparedDate": "17 Apr 2018",
    "Matched": 0,
    "PolicyId": 10094213.0,
    "ClaimId": 0.0,
    "Endt_ID": 0.0,
    "Policy_No": 2700097.0
  },
  {
    "$id": "34",
    "EntityCode": 196,
    "EntityType": "Broker",
    "GlCode": 196.0,
    "VoucherNo": 692125.0,
    "VoucherType": "CREDIT",
    "VoucherDate": "07 May 2018",
    "ConvertVouDate": "2018-05-07T00:00:00",
    "TransactionType": "BROKERAGE OUTGO",
    "TransactionTypeId": 17.0,
    "Class": "FIRE",
    "ClassCode": 2.0,
    "TransactionNo": 0.0,
    "Amt": -348.60,
    "Amount": "Cr348.60",
    "CustomerName": "AL MADANI GROUP",
    "CounterPartyReferenceNo": null,
    "Description": "Policy No : 2700097 - Business Comprehensive Plus Insurance Policy AL BARZA  AUTHENTIC TRADITIONAL RESTAURANT",
    "RefTranID": 10094213.0,
    "RefTranType": "BROKERAGE OUTGO",
    "RefTranTypeId": 17.0,
    "RefTranSerialNo": 0.0,
    "SerialNo": 0.0,
    "DepartmentCode": null,
    "ProjectIndicatorCode": null,
    "PlaceHolderCode": null,
    "DepartmentName": null,
    "ProjectIndicator": null,
    "PlaceHolder": null,
    "BranchCode": 20.0,
    "BranchName": "DUBAI",
    "TotallingAccCode": 1420.0,
    "TotallingAccName": "MILLENNIUM INSURANCE BROKERS CO LLC",
    "GLAccount": 0.0,
    "GLAccountName": "1-2-20-11-1420-196",
    "PreparedBy": null,
    "ApprovedBy": null,
    "ApprovedDate": null,
    "PreparedDate": null,
    "Matched": 0,
    "PolicyId": 10094213.0,
    "ClaimId": 0.0,
    "Endt_ID": 0.0,
    "Policy_No": 2700097.0
  },
  {
    "$id": "35",
    "EntityCode": 196,
    "EntityType": "Broker",
    "GlCode": 196.0,
    "VoucherNo": 1410592.0,
    "VoucherType": "",
    "VoucherDate": "23 Jul 2018",
    "ConvertVouDate": "2018-07-23T10:58:00",
    "TransactionType": "BROKERAGE OUTGO",
    "TransactionTypeId": 17.0,
    "Class": "WC/TPL",
    "ClassCode": 7.0,
    "TransactionNo": 0.0,
    "Amt": 422.82,
    "Amount": "Dr422.82",
    "CustomerName": "AL MADANI GROUP",
    "CounterPartyReferenceNo": null,
    "Description": "Policy No : 2700097 - Business Comprehensive Plus Insurance Policy AL BARZA  AUTHENTIC TRADITIONAL RESTAURANT",
    "RefTranID": 10094224.0,
    "RefTranType": "BROKERAGE OUTGO",
    "RefTranTypeId": 17.0,
    "RefTranSerialNo": 503537.0,
    "SerialNo": 0.0,
    "DepartmentCode": null,
    "ProjectIndicatorCode": null,
    "PlaceHolderCode": null,
    "DepartmentName": null,
    "ProjectIndicator": null,
    "PlaceHolder": null,
    "BranchCode": 20.0,
    "BranchName": "DUBAI",
    "TotallingAccCode": 1420.0,
    "TotallingAccName": "MILLENNIUM INSURANCE BROKERS CO LLC",
    "GLAccount": 0.0,
    "GLAccountName": "1-2-20-11-1420-196",
    "PreparedBy": null,
    "ApprovedBy": null,
    "ApprovedDate": null,
    "PreparedDate": null,
    "Matched": 0,
    "PolicyId": 10094224.0,
    "ClaimId": 0.0,
    "Endt_ID": 503537.0,
    "Policy_No": 2700097.0
  },
  {
    "$id": "36",
    "EntityCode": 196,
    "EntityType": "Broker",
    "GlCode": 196.0,
    "VoucherNo": 692125.0,
    "VoucherType": "CREDIT",
    "VoucherDate": "07 May 2018",
    "ConvertVouDate": "2018-05-07T00:00:00",
    "TransactionType": "BROKERAGE OUTGO",
    "TransactionTypeId": 17.0,
    "Class": "WC/TPL",
    "ClassCode": 7.0,
    "TransactionNo": 0.0,
    "Amt": -685.12,
    "Amount": "Cr685.12",
    "CustomerName": "AL MADANI GROUP",
    "CounterPartyReferenceNo": null,
    "Description": "Policy No : 2700097 - Business Comprehensive Plus Insurance Policy AL BARZA  AUTHENTIC TRADITIONAL RESTAURANT",
    "RefTranID": 10094224.0,
    "RefTranType": "BROKERAGE OUTGO",
    "RefTranTypeId": 17.0,
    "RefTranSerialNo": 0.0,
    "SerialNo": 0.0,
    "DepartmentCode": null,
    "ProjectIndicatorCode": null,
    "PlaceHolderCode": null,
    "DepartmentName": null,
    "ProjectIndicator": null,
    "PlaceHolder": null,
    "BranchCode": 20.0,
    "BranchName": "DUBAI",
    "TotallingAccCode": 1420.0,
    "TotallingAccName": "MILLENNIUM INSURANCE BROKERS CO LLC",
    "GLAccount": 0.0,
    "GLAccountName": "1-2-20-11-1420-196",
    "PreparedBy": null,
    "ApprovedBy": null,
    "ApprovedDate": null,
    "PreparedDate": null,
    "Matched": 0,
    "PolicyId": 10094224.0,
    "ClaimId": 0.0,
    "Endt_ID": 0.0,
    "Policy_No": 2700097.0
  },
  {
    "$id": "37",
    "EntityCode": 196,
    "EntityType": "Broker",
    "GlCode": 196.0,
    "VoucherNo": 1372014.0,
    "VoucherType": "DEBIT NOTE",
    "VoucherDate": "07 May 2018",
    "ConvertVouDate": "2018-05-07T00:00:00",
    "TransactionType": "POLICY",
    "TransactionTypeId": 1.0,
    "Class": "WC/TPL",
    "ClassCode": 7.0,
    "TransactionNo": 2700097.0,
    "Amt": 3425.60,
    "Amount": "Dr3425.60",
    "CustomerName": "SURAKSHA INSURANCE BROKERS LLC",
    "CounterPartyReferenceNo": null,
    "Description": "Policy No : 2700097 - Business Comprehensive Plus Insurance Policy-AL BARZA  AUTHENTIC TRADITIONAL RESTAURANT",
    "RefTranID": 10094224.0,
    "RefTranType": "POLICY",
    "RefTranTypeId": 1.0,
    "RefTranSerialNo": 0.0,
    "SerialNo": 0.0,
    "DepartmentCode": null,
    "ProjectIndicatorCode": null,
    "PlaceHolderCode": null,
    "DepartmentName": null,
    "ProjectIndicator": null,
    "PlaceHolder": null,
    "BranchCode": 20.0,
    "BranchName": "DUBAI",
    "TotallingAccCode": 1420.0,
    "TotallingAccName": "MILLENNIUM INSURANCE BROKERS CO LLC",
    "GLAccount": 0.0,
    "GLAccountName": "1-2-20-11-1420-196",
    "PreparedBy": "STEFNY COLACO - RSA DXB",
    "ApprovedBy": "STEFNY COLACO - RSA DXB",
    "ApprovedDate": "07 May 2018",
    "PreparedDate": "17 Apr 2018",
    "Matched": 0,
    "PolicyId": 10094224.0,
    "ClaimId": 0.0,
    "Endt_ID": 0.0,
    "Policy_No": 2700097.0
  },
  {
    "$id": "38",
    "EntityCode": 196,
    "EntityType": "Broker",
    "GlCode": 196.0,
    "VoucherNo": 699185.0,
    "VoucherType": "CREDIT",
    "VoucherDate": "24 May 2018",
    "ConvertVouDate": "2018-05-24T00:00:00",
    "TransactionType": "ENDORSEMENT",
    "TransactionTypeId": 2.0,
    "Class": "WC/TPL",
    "ClassCode": 7.0,
    "TransactionNo": 1.0,
    "Amt": -262.50,
    "Amount": "Cr262.50",
    "CustomerName": "Al Nabooda Insurance Brokers",
    "CounterPartyReferenceNo": null,
    "Description": "Policy No : 2700097 - Business Comprehensive Plus Insurance Policy-AL BARZA  AUTHENTIC TRADITIONAL RESTAURANT",
    "RefTranID": 10094224.0,
    "RefTranType": "ENDORSEMENT",
    "RefTranTypeId": 2.0,
    "RefTranSerialNo": 495509.0,
    "SerialNo": 0.0,
    "DepartmentCode": null,
    "ProjectIndicatorCode": null,
    "PlaceHolderCode": null,
    "DepartmentName": null,
    "ProjectIndicator": null,
    "PlaceHolder": null,
    "BranchCode": 20.0,
    "BranchName": "DUBAI",
    "TotallingAccCode": 1420.0,
    "TotallingAccName": "MILLENNIUM INSURANCE BROKERS CO LLC",
    "GLAccount": 0.0,
    "GLAccountName": "1-2-20-11-1420-196",
    "PreparedBy": null,
    "ApprovedBy": null,
    "ApprovedDate": "",
    "PreparedDate": "",
    "Matched": 0,
    "PolicyId": 10094224.0,
    "ClaimId": 0.0,
    "Endt_ID": 495509.0,
    "Policy_No": 2700097.0
  },
  {
    "$id": "39",
    "EntityCode": 196,
    "EntityType": "Broker",
    "GlCode": 196.0,
    "VoucherNo": 1379956.0,
    "VoucherType": "",
    "VoucherDate": "24 May 2018",
    "ConvertVouDate": "2018-05-24T10:38:00",
    "TransactionType": "BROKERAGE OUTGO",
    "TransactionTypeId": 17.0,
    "Class": "WC/TPL",
    "ClassCode": 7.0,
    "TransactionNo": 0.0,
    "Amt": 52.50,
    "Amount": "Dr52.50",
    "CustomerName": "AL MADANI GROUP",
    "CounterPartyReferenceNo": null,
    "Description": "Policy No : 2700097 - Business Comprehensive Plus Insurance Policy AL BARZA  AUTHENTIC TRADITIONAL RESTAURANT",
    "RefTranID": 10094224.0,
    "RefTranType": "BROKERAGE OUTGO",
    "RefTranTypeId": 17.0,
    "RefTranSerialNo": 495509.0,
    "SerialNo": 0.0,
    "DepartmentCode": null,
    "ProjectIndicatorCode": null,
    "PlaceHolderCode": null,
    "DepartmentName": null,
    "ProjectIndicator": null,
    "PlaceHolder": null,
    "BranchCode": 20.0,
    "BranchName": "DUBAI",
    "TotallingAccCode": 1420.0,
    "TotallingAccName": "MILLENNIUM INSURANCE BROKERS CO LLC",
    "GLAccount": 0.0,
    "GLAccountName": "1-2-20-11-1420-196",
    "PreparedBy": null,
    "ApprovedBy": null,
    "ApprovedDate": null,
    "PreparedDate": null,
    "Matched": 0,
    "PolicyId": 10094224.0,
    "ClaimId": 0.0,
    "Endt_ID": 495509.0,
    "Policy_No": 2700097.0
  },
  {
    "$id": "40",
    "EntityCode": 196,
    "EntityType": "Broker",
    "GlCode": 196.0,
    "VoucherNo": 1372625.0,
    "VoucherType": "DEBIT NOTE",
    "VoucherDate": "08 May 2018",
    "ConvertVouDate": "2018-05-08T00:00:00",
    "TransactionType": "POLICY",
    "TransactionTypeId": 1.0,
    "Class": "WC/TPL",
    "ClassCode": 7.0,
    "TransactionNo": 2700098.0,
    "Amt": 2987.82,
    "Amount": "Dr2987.82",
    "CustomerName": "SURAKSHA INSURANCE BROKERS LLC",
    "CounterPartyReferenceNo": null,
    "Description": "Policy No : 2700098 - Business Comprehensive Plus Insurance Policy-MUSTANG JEANS (BR. OF AL MADANI GROUP OF COMPANIES L L C)",
    "RefTranID": 10094478.0,
    "RefTranType": "POLICY",
    "RefTranTypeId": 1.0,
    "RefTranSerialNo": 0.0,
    "SerialNo": 0.0,
    "DepartmentCode": null,
    "ProjectIndicatorCode": null,
    "PlaceHolderCode": null,
    "DepartmentName": null,
    "ProjectIndicator": null,
    "PlaceHolder": null,
    "BranchCode": 20.0,
    "BranchName": "DUBAI",
    "TotallingAccCode": 1420.0,
    "TotallingAccName": "MILLENNIUM INSURANCE BROKERS CO LLC",
    "GLAccount": 0.0,
    "GLAccountName": "1-2-20-11-1420-196",
    "PreparedBy": "STEFNY COLACO - RSA DXB",
    "ApprovedBy": "STEFNY COLACO - RSA DXB",
    "ApprovedDate": "08 May 2018",
    "PreparedDate": "18 Apr 2018",
    "Matched": 0,
    "PolicyId": 10094478.0,
    "ClaimId": 0.0,
    "Endt_ID": 0.0,
    "Policy_No": 2700098.0
  },
  {
    "$id": "41",
    "EntityCode": 196,
    "EntityType": "Broker",
    "GlCode": 196.0,
    "VoucherNo": 692760.0,
    "VoucherType": "CREDIT",
    "VoucherDate": "08 May 2018",
    "ConvertVouDate": "2018-05-08T00:00:00",
    "TransactionType": "BROKERAGE OUTGO",
    "TransactionTypeId": 17.0,
    "Class": "WC/TPL",
    "ClassCode": 7.0,
    "TransactionNo": 0.0,
    "Amt": -597.56,
    "Amount": "Cr597.56",
    "CustomerName": "AL MADANI GROUP",
    "CounterPartyReferenceNo": null,
    "Description": "Policy No : 2700098 - Business Comprehensive Plus Insurance Policy MUSTANG JEANS (BR. OF AL MADANI GROUP OF COMPANIES L L C)",
    "RefTranID": 10094478.0,
    "RefTranType": "BROKERAGE OUTGO",
    "RefTranTypeId": 17.0,
    "RefTranSerialNo": 0.0,
    "SerialNo": 0.0,
    "DepartmentCode": null,
    "ProjectIndicatorCode": null,
    "PlaceHolderCode": null,
    "DepartmentName": null,
    "ProjectIndicator": null,
    "PlaceHolder": null,
    "BranchCode": 20.0,
    "BranchName": "DUBAI",
    "TotallingAccCode": 1420.0,
    "TotallingAccName": "MILLENNIUM INSURANCE BROKERS CO LLC",
    "GLAccount": 0.0,
    "GLAccountName": "1-2-20-11-1420-196",
    "PreparedBy": null,
    "ApprovedBy": null,
    "ApprovedDate": null,
    "PreparedDate": null,
    "Matched": 0,
    "PolicyId": 10094478.0,
    "ClaimId": 0.0,
    "Endt_ID": 0.0,
    "Policy_No": 2700098.0
  },
  {
    "$id": "42",
    "EntityCode": 196,
    "EntityType": "Broker",
    "GlCode": 196.0,
    "VoucherNo": 699157.0,
    "VoucherType": "CREDIT",
    "VoucherDate": "24 May 2018",
    "ConvertVouDate": "2018-05-24T00:00:00",
    "TransactionType": "ENDORSEMENT",
    "TransactionTypeId": 2.0,
    "Class": "WC/TPL",
    "ClassCode": 7.0,
    "TransactionNo": 1.0,
    "Amt": -262.50,
    "Amount": "Cr262.50",
    "CustomerName": "EMIRATES GROUP EMPLOYEES ",
    "CounterPartyReferenceNo": null,
    "Description": "Policy No : 2700098 - Business Comprehensive Plus Insurance Policy-MUSTANG JEANS (BR. OF AL MADANI GROUP OF COMPANIES L L C)",
    "RefTranID": 10094478.0,
    "RefTranType": "ENDORSEMENT",
    "RefTranTypeId": 2.0,
    "RefTranSerialNo": 495499.0,
    "SerialNo": 0.0,
    "DepartmentCode": null,
    "ProjectIndicatorCode": null,
    "PlaceHolderCode": null,
    "DepartmentName": null,
    "ProjectIndicator": null,
    "PlaceHolder": null,
    "BranchCode": 20.0,
    "BranchName": "DUBAI",
    "TotallingAccCode": 1420.0,
    "TotallingAccName": "MILLENNIUM INSURANCE BROKERS CO LLC",
    "GLAccount": 0.0,
    "GLAccountName": "1-2-20-11-1420-196",
    "PreparedBy": null,
    "ApprovedBy": null,
    "ApprovedDate": "",
    "PreparedDate": "",
    "Matched": 0,
    "PolicyId": 10094478.0,
    "ClaimId": 0.0,
    "Endt_ID": 495499.0,
    "Policy_No": 2700098.0
  },
  {
    "$id": "43",
    "EntityCode": 196,
    "EntityType": "Broker",
    "GlCode": 196.0,
    "VoucherNo": 1379927.0,
    "VoucherType": "",
    "VoucherDate": "24 May 2018",
    "ConvertVouDate": "2018-05-24T10:13:00",
    "TransactionType": "BROKERAGE OUTGO",
    "TransactionTypeId": 17.0,
    "Class": "WC/TPL",
    "ClassCode": 7.0,
    "TransactionNo": 0.0,
    "Amt": 52.50,
    "Amount": "Dr52.50",
    "CustomerName": "AL MADANI GROUP",
    "CounterPartyReferenceNo": null,
    "Description": "Policy No : 2700098 - Business Comprehensive Plus Insurance Policy MUSTANG JEANS (BR. OF AL MADANI GROUP OF COMPANIES L L C)",
    "RefTranID": 10094478.0,
    "RefTranType": "BROKERAGE OUTGO",
    "RefTranTypeId": 17.0,
    "RefTranSerialNo": 495499.0,
    "SerialNo": 0.0,
    "DepartmentCode": null,
    "ProjectIndicatorCode": null,
    "PlaceHolderCode": null,
    "DepartmentName": null,
    "ProjectIndicator": null,
    "PlaceHolder": null,
    "BranchCode": 20.0,
    "BranchName": "DUBAI",
    "TotallingAccCode": 1420.0,
    "TotallingAccName": "MILLENNIUM INSURANCE BROKERS CO LLC",
    "GLAccount": 0.0,
    "GLAccountName": "1-2-20-11-1420-196",
    "PreparedBy": null,
    "ApprovedBy": null,
    "ApprovedDate": null,
    "PreparedDate": null,
    "Matched": 0,
    "PolicyId": 10094478.0,
    "ClaimId": 0.0,
    "Endt_ID": 495499.0,
    "Policy_No": 2700098.0
  },
  {
    "$id": "44",
    "EntityCode": 196,
    "EntityType": "Broker",
    "GlCode": 196.0,
    "VoucherNo": 1372478.0,
    "VoucherType": "DEBIT NOTE",
    "VoucherDate": "08 May 2018",
    "ConvertVouDate": "2018-05-08T00:00:00",
    "TransactionType": "POLICY",
    "TransactionTypeId": 1.0,
    "Class": "WC/TPL",
    "ClassCode": 7.0,
    "TransactionNo": 2700099.0,
    "Amt": 3034.50,
    "Amount": "Dr3034.50",
    "CustomerName": "SURAKSHA INSURANCE BROKERS LLC",
    "CounterPartyReferenceNo": null,
    "Description": "Policy No : 2700099 - Business Comprehensive Plus Insurance Policy-CATIMINI (BR.OF AL MADANI GROUP OF COMPANIES L L C)",
    "RefTranID": 10094621.0,
    "RefTranType": "POLICY",
    "RefTranTypeId": 1.0,
    "RefTranSerialNo": 0.0,
    "SerialNo": 0.0,
    "DepartmentCode": null,
    "ProjectIndicatorCode": null,
    "PlaceHolderCode": null,
    "DepartmentName": null,
    "ProjectIndicator": null,
    "PlaceHolder": null,
    "BranchCode": 20.0,
    "BranchName": "DUBAI",
    "TotallingAccCode": 1420.0,
    "TotallingAccName": "MILLENNIUM INSURANCE BROKERS CO LLC",
    "GLAccount": 0.0,
    "GLAccountName": "1-2-20-11-1420-196",
    "PreparedBy": "STEFNY COLACO - RSA DXB",
    "ApprovedBy": "STEFNY COLACO - RSA DXB",
    "ApprovedDate": "08 May 2018",
    "PreparedDate": "18 Apr 2018",
    "Matched": 0,
    "PolicyId": 10094621.0,
    "ClaimId": 0.0,
    "Endt_ID": 0.0,
    "Policy_No": 2700099.0
  },
  {
    "$id": "45",
    "EntityCode": 196,
    "EntityType": "Broker",
    "GlCode": 196.0,
    "VoucherNo": 692597.0,
    "VoucherType": "CREDIT",
    "VoucherDate": "08 May 2018",
    "ConvertVouDate": "2018-05-08T00:00:00",
    "TransactionType": "BROKERAGE OUTGO",
    "TransactionTypeId": 17.0,
    "Class": "WC/TPL",
    "ClassCode": 7.0,
    "TransactionNo": 0.0,
    "Amt": -606.90,
    "Amount": "Cr606.90",
    "CustomerName": "AL MADANI GROUP",
    "CounterPartyReferenceNo": null,
    "Description": "Policy No : 2700099 - Business Comprehensive Plus Insurance Policy CATIMINI (BR.OF AL MADANI GROUP OF COMPANIES L L C)",
    "RefTranID": 10094621.0,
    "RefTranType": "BROKERAGE OUTGO",
    "RefTranTypeId": 17.0,
    "RefTranSerialNo": 0.0,
    "SerialNo": 0.0,
    "DepartmentCode": null,
    "ProjectIndicatorCode": null,
    "PlaceHolderCode": null,
    "DepartmentName": null,
    "ProjectIndicator": null,
    "PlaceHolder": null,
    "BranchCode": 20.0,
    "BranchName": "DUBAI",
    "TotallingAccCode": 1420.0,
    "TotallingAccName": "MILLENNIUM INSURANCE BROKERS CO LLC",
    "GLAccount": 0.0,
    "GLAccountName": "1-2-20-11-1420-196",
    "PreparedBy": null,
    "ApprovedBy": null,
    "ApprovedDate": null,
    "PreparedDate": null,
    "Matched": 0,
    "PolicyId": 10094621.0,
    "ClaimId": 0.0,
    "Endt_ID": 0.0,
    "Policy_No": 2700099.0
  },
  {
    "$id": "46",
    "EntityCode": 196,
    "EntityType": "Broker",
    "GlCode": 196.0,
    "VoucherNo": 699132.0,
    "VoucherType": "CREDIT",
    "VoucherDate": "24 May 2018",
    "ConvertVouDate": "2018-05-24T00:00:00",
    "TransactionType": "ENDORSEMENT",
    "TransactionTypeId": 2.0,
    "Class": "WC/TPL",
    "ClassCode": 7.0,
    "TransactionNo": 1.0,
    "Amt": -262.50,
    "Amount": "Cr262.50",
    "CustomerName": "EMIRATES GROUP EMPLOYEES ",
    "CounterPartyReferenceNo": null,
    "Description": "Policy No : 2700099 - Business Comprehensive Plus Insurance Policy-CATIMINI (BR.OF AL MADANI GROUP OF COMPANIES L L C)",
    "RefTranID": 10094621.0,
    "RefTranType": "ENDORSEMENT",
    "RefTranTypeId": 2.0,
    "RefTranSerialNo": 495486.0,
    "SerialNo": 0.0,
    "DepartmentCode": null,
    "ProjectIndicatorCode": null,
    "PlaceHolderCode": null,
    "DepartmentName": null,
    "ProjectIndicator": null,
    "PlaceHolder": null,
    "BranchCode": 20.0,
    "BranchName": "DUBAI",
    "TotallingAccCode": 1420.0,
    "TotallingAccName": "MILLENNIUM INSURANCE BROKERS CO LLC",
    "GLAccount": 0.0,
    "GLAccountName": "1-2-20-11-1420-196",
    "PreparedBy": null,
    "ApprovedBy": null,
    "ApprovedDate": "",
    "PreparedDate": "",
    "Matched": 0,
    "PolicyId": 10094621.0,
    "ClaimId": 0.0,
    "Endt_ID": 495486.0,
    "Policy_No": 2700099.0
  },
  {
    "$id": "47",
    "EntityCode": 196,
    "EntityType": "Broker",
    "GlCode": 196.0,
    "VoucherNo": 1379909.0,
    "VoucherType": "",
    "VoucherDate": "24 May 2018",
    "ConvertVouDate": "2018-05-24T09:40:00",
    "TransactionType": "BROKERAGE OUTGO",
    "TransactionTypeId": 17.0,
    "Class": "WC/TPL",
    "ClassCode": 7.0,
    "TransactionNo": 0.0,
    "Amt": 52.50,
    "Amount": "Dr52.50",
    "CustomerName": "AL MADANI GROUP",
    "CounterPartyReferenceNo": null,
    "Description": "Policy No : 2700099 - Business Comprehensive Plus Insurance Policy CATIMINI (BR.OF AL MADANI GROUP OF COMPANIES L L C)",
    "RefTranID": 10094621.0,
    "RefTranType": "BROKERAGE OUTGO",
    "RefTranTypeId": 17.0,
    "RefTranSerialNo": 495486.0,
    "SerialNo": 0.0,
    "DepartmentCode": null,
    "ProjectIndicatorCode": null,
    "PlaceHolderCode": null,
    "DepartmentName": null,
    "ProjectIndicator": null,
    "PlaceHolder": null,
    "BranchCode": 20.0,
    "BranchName": "DUBAI",
    "TotallingAccCode": 1420.0,
    "TotallingAccName": "MILLENNIUM INSURANCE BROKERS CO LLC",
    "GLAccount": 0.0,
    "GLAccountName": "1-2-20-11-1420-196",
    "PreparedBy": null,
    "ApprovedBy": null,
    "ApprovedDate": null,
    "PreparedDate": null,
    "Matched": 0,
    "PolicyId": 10094621.0,
    "ClaimId": 0.0,
    "Endt_ID": 495486.0,
    "Policy_No": 2700099.0
  },
  {
    "$id": "48",
    "EntityCode": 196,
    "EntityType": "Broker",
    "GlCode": 196.0,
    "VoucherNo": 1372651.0,
    "VoucherType": "DEBIT NOTE",
    "VoucherDate": "08 May 2018",
    "ConvertVouDate": "2018-05-08T00:00:00",
    "TransactionType": "POLICY",
    "TransactionTypeId": 1.0,
    "Class": "WC/TPL",
    "ClassCode": 7.0,
    "TransactionNo": 2700100.0,
    "Amt": 4076.52,
    "Amount": "Dr4076.52",
    "CustomerName": "SURAKSHA INSURANCE BROKERS LLC",
    "CounterPartyReferenceNo": null,
    "Description": "Policy No : 2700100 - Business Comprehensive Plus Insurance Policy-THE BAGEL BAR COFFEE HOUSE (BR.OF AL MADANI INTERNATIONAL FRANCHISING L L C)",
    "RefTranID": 10094729.0,
    "RefTranType": "POLICY",
    "RefTranTypeId": 1.0,
    "RefTranSerialNo": 0.0,
    "SerialNo": 0.0,
    "DepartmentCode": null,
    "ProjectIndicatorCode": null,
    "PlaceHolderCode": null,
    "DepartmentName": null,
    "ProjectIndicator": null,
    "PlaceHolder": null,
    "BranchCode": 20.0,
    "BranchName": "DUBAI",
    "TotallingAccCode": 1420.0,
    "TotallingAccName": "MILLENNIUM INSURANCE BROKERS CO LLC",
    "GLAccount": 0.0,
    "GLAccountName": "1-2-20-11-1420-196",
    "PreparedBy": "STEFNY COLACO - RSA DXB",
    "ApprovedBy": "STEFNY COLACO - RSA DXB",
    "ApprovedDate": "08 May 2018",
    "PreparedDate": "18 Apr 2018",
    "Matched": 0,
    "PolicyId": 10094729.0,
    "ClaimId": 0.0,
    "Endt_ID": 0.0,
    "Policy_No": 2700100.0
  },
  {
    "$id": "49",
    "EntityCode": 196,
    "EntityType": "Broker",
    "GlCode": 196.0,
    "VoucherNo": 692778.0,
    "VoucherType": "CREDIT",
    "VoucherDate": "08 May 2018",
    "ConvertVouDate": "2018-05-08T00:00:00",
    "TransactionType": "BROKERAGE OUTGO",
    "TransactionTypeId": 17.0,
    "Class": "WC/TPL",
    "ClassCode": 7.0,
    "TransactionNo": 0.0,
    "Amt": -815.30,
    "Amount": "Cr815.30",
    "CustomerName": "AL MADANI GROUP",
    "CounterPartyReferenceNo": null,
    "Description": "Policy No : 2700100 - Business Comprehensive Plus Insurance Policy THE BAGEL BAR COFFEE HOUSE (BR.OF AL MADANI INTERNATIONAL FRANCHISING L L C)",
    "RefTranID": 10094729.0,
    "RefTranType": "BROKERAGE OUTGO",
    "RefTranTypeId": 17.0,
    "RefTranSerialNo": 0.0,
    "SerialNo": 0.0,
    "DepartmentCode": null,
    "ProjectIndicatorCode": null,
    "PlaceHolderCode": null,
    "DepartmentName": null,
    "ProjectIndicator": null,
    "PlaceHolder": null,
    "BranchCode": 20.0,
    "BranchName": "DUBAI",
    "TotallingAccCode": 1420.0,
    "TotallingAccName": "MILLENNIUM INSURANCE BROKERS CO LLC",
    "GLAccount": 0.0,
    "GLAccountName": "1-2-20-11-1420-196",
    "PreparedBy": null,
    "ApprovedBy": null,
    "ApprovedDate": null,
    "PreparedDate": null,
    "Matched": 0,
    "PolicyId": 10094729.0,
    "ClaimId": 0.0,
    "Endt_ID": 0.0,
    "Policy_No": 2700100.0
  },
  {
    "$id": "50",
    "EntityCode": 196,
    "EntityType": "Broker",
    "GlCode": 196.0,
    "VoucherNo": 699141.0,
    "VoucherType": "CREDIT",
    "VoucherDate": "24 May 2018",
    "ConvertVouDate": "2018-05-24T00:00:00",
    "TransactionType": "ENDORSEMENT",
    "TransactionTypeId": 2.0,
    "Class": "WC/TPL",
    "ClassCode": 7.0,
    "TransactionNo": 1.0,
    "Amt": -262.50,
    "Amount": "Cr262.50",
    "CustomerName": "Fasterquote",
    "CounterPartyReferenceNo": null,
    "Description": "Policy No : 2700100 - Business Comprehensive Plus Insurance Policy-THE BAGEL BAR COFFEE HOUSE (BR.OF AL MADANI INTERNATIONAL FRANCHISING L L C)",
    "RefTranID": 10094729.0,
    "RefTranType": "ENDORSEMENT",
    "RefTranTypeId": 2.0,
    "RefTranSerialNo": 495491.0,
    "SerialNo": 0.0,
    "DepartmentCode": null,
    "ProjectIndicatorCode": null,
    "PlaceHolderCode": null,
    "DepartmentName": null,
    "ProjectIndicator": null,
    "PlaceHolder": null,
    "BranchCode": 20.0,
    "BranchName": "DUBAI",
    "TotallingAccCode": 1420.0,
    "TotallingAccName": "MILLENNIUM INSURANCE BROKERS CO LLC",
    "GLAccount": 0.0,
    "GLAccountName": "1-2-20-11-1420-196",
    "PreparedBy": null,
    "ApprovedBy": null,
    "ApprovedDate": "",
    "PreparedDate": "",
    "Matched": 0,
    "PolicyId": 10094729.0,
    "ClaimId": 0.0,
    "Endt_ID": 495491.0,
    "Policy_No": 2700100.0
  },
  {
    "$id": "51",
    "EntityCode": 196,
    "EntityType": "Broker",
    "GlCode": 196.0,
    "VoucherNo": 1379918.0,
    "VoucherType": "",
    "VoucherDate": "24 May 2018",
    "ConvertVouDate": "2018-05-24T10:01:00",
    "TransactionType": "BROKERAGE OUTGO",
    "TransactionTypeId": 17.0,
    "Class": "WC/TPL",
    "ClassCode": 7.0,
    "TransactionNo": 0.0,
    "Amt": 52.50,
    "Amount": "Dr52.50",
    "CustomerName": "AL MADANI GROUP",
    "CounterPartyReferenceNo": null,
    "Description": "Policy No : 2700100 - Business Comprehensive Plus Insurance Policy THE BAGEL BAR COFFEE HOUSE (BR.OF AL MADANI INTERNATIONAL FRANCHISING L L C)",
    "RefTranID": 10094729.0,
    "RefTranType": "BROKERAGE OUTGO",
    "RefTranTypeId": 17.0,
    "RefTranSerialNo": 495491.0,
    "SerialNo": 0.0,
    "DepartmentCode": null,
    "ProjectIndicatorCode": null,
    "PlaceHolderCode": null,
    "DepartmentName": null,
    "ProjectIndicator": null,
    "PlaceHolder": null,
    "BranchCode": 20.0,
    "BranchName": "DUBAI",
    "TotallingAccCode": 1420.0,
    "TotallingAccName": "MILLENNIUM INSURANCE BROKERS CO LLC",
    "GLAccount": 0.0,
    "GLAccountName": "1-2-20-11-1420-196",
    "PreparedBy": null,
    "ApprovedBy": null,
    "ApprovedDate": null,
    "PreparedDate": null,
    "Matched": 0,
    "PolicyId": 10094729.0,
    "ClaimId": 0.0,
    "Endt_ID": 495491.0,
    "Policy_No": 2700100.0
  },
  {
    "$id": "52",
    "EntityCode": 196,
    "EntityType": "Broker",
    "GlCode": 196.0,
    "VoucherNo": 692592.0,
    "VoucherType": "CREDIT",
    "VoucherDate": "08 May 2018",
    "ConvertVouDate": "2018-05-08T00:00:00",
    "TransactionType": "BROKERAGE OUTGO",
    "TransactionTypeId": 17.0,
    "Class": "WC/TPL",
    "ClassCode": 7.0,
    "TransactionNo": 0.0,
    "Amt": -565.95,
    "Amount": "Cr565.95",
    "CustomerName": "AL MADANI GROUP",
    "CounterPartyReferenceNo": null,
    "Description": "Policy No : 2700101 - Business Comprehensive Plus Insurance Policy CAROLINA BOIX (BR. OF AL MADANI GROUP OF COMPANIES L L C)",
    "RefTranID": 10094801.0,
    "RefTranType": "BROKERAGE OUTGO",
    "RefTranTypeId": 17.0,
    "RefTranSerialNo": 0.0,
    "SerialNo": 0.0,
    "DepartmentCode": null,
    "ProjectIndicatorCode": null,
    "PlaceHolderCode": null,
    "DepartmentName": null,
    "ProjectIndicator": null,
    "PlaceHolder": null,
    "BranchCode": 20.0,
    "BranchName": "DUBAI",
    "TotallingAccCode": 1420.0,
    "TotallingAccName": "MILLENNIUM INSURANCE BROKERS CO LLC",
    "GLAccount": 0.0,
    "GLAccountName": "1-2-20-11-1420-196",
    "PreparedBy": null,
    "ApprovedBy": null,
    "ApprovedDate": null,
    "PreparedDate": null,
    "Matched": 0,
    "PolicyId": 10094801.0,
    "ClaimId": 0.0,
    "Endt_ID": 0.0,
    "Policy_No": 2700101.0
  },
  {
    "$id": "53",
    "EntityCode": 196,
    "EntityType": "Broker",
    "GlCode": 196.0,
    "VoucherNo": 1372473.0,
    "VoucherType": "DEBIT NOTE",
    "VoucherDate": "08 May 2018",
    "ConvertVouDate": "2018-05-08T00:00:00",
    "TransactionType": "POLICY",
    "TransactionTypeId": 1.0,
    "Class": "WC/TPL",
    "ClassCode": 7.0,
    "TransactionNo": 2700101.0,
    "Amt": 2829.75,
    "Amount": "Dr2829.75",
    "CustomerName": "SURAKSHA INSURANCE BROKERS LLC",
    "CounterPartyReferenceNo": null,
    "Description": "Policy No : 2700101 - Business Comprehensive Plus Insurance Policy-CAROLINA BOIX (BR. OF AL MADANI GROUP OF COMPANIES L L C)",
    "RefTranID": 10094801.0,
    "RefTranType": "POLICY",
    "RefTranTypeId": 1.0,
    "RefTranSerialNo": 0.0,
    "SerialNo": 0.0,
    "DepartmentCode": null,
    "ProjectIndicatorCode": null,
    "PlaceHolderCode": null,
    "DepartmentName": null,
    "ProjectIndicator": null,
    "PlaceHolder": null,
    "BranchCode": 20.0,
    "BranchName": "DUBAI",
    "TotallingAccCode": 1420.0,
    "TotallingAccName": "MILLENNIUM INSURANCE BROKERS CO LLC",
    "GLAccount": 0.0,
    "GLAccountName": "1-2-20-11-1420-196",
    "PreparedBy": "STEFNY COLACO - RSA DXB",
    "ApprovedBy": "STEFNY COLACO - RSA DXB",
    "ApprovedDate": "08 May 2018",
    "PreparedDate": "18 Apr 2018",
    "Matched": 0,
    "PolicyId": 10094801.0,
    "ClaimId": 0.0,
    "Endt_ID": 0.0,
    "Policy_No": 2700101.0
  },
  {
    "$id": "54",
    "EntityCode": 196,
    "EntityType": "Broker",
    "GlCode": 196.0,
    "VoucherNo": 699169.0,
    "VoucherType": "CREDIT",
    "VoucherDate": "24 May 2018",
    "ConvertVouDate": "2018-05-24T00:00:00",
    "TransactionType": "ENDORSEMENT",
    "TransactionTypeId": 2.0,
    "Class": "WC/TPL",
    "ClassCode": 7.0,
    "TransactionNo": 1.0,
    "Amt": -262.50,
    "Amount": "Cr262.50",
    "CustomerName": "GARGASH INSURANCE SERVICES",
    "CounterPartyReferenceNo": null,
    "Description": "Policy No : 2700101 - Business Comprehensive Plus Insurance Policy-CAROLINA BOIX (BR. OF AL MADANI GROUP OF COMPANIES L L C)",
    "RefTranID": 10094801.0,
    "RefTranType": "ENDORSEMENT",
    "RefTranTypeId": 2.0,
    "RefTranSerialNo": 495501.0,
    "SerialNo": 0.0,
    "DepartmentCode": null,
    "ProjectIndicatorCode": null,
    "PlaceHolderCode": null,
    "DepartmentName": null,
    "ProjectIndicator": null,
    "PlaceHolder": null,
    "BranchCode": 20.0,
    "BranchName": "DUBAI",
    "TotallingAccCode": 1420.0,
    "TotallingAccName": "MILLENNIUM INSURANCE BROKERS CO LLC",
    "GLAccount": 0.0,
    "GLAccountName": "1-2-20-11-1420-196",
    "PreparedBy": null,
    "ApprovedBy": null,
    "ApprovedDate": "",
    "PreparedDate": "",
    "Matched": 0,
    "PolicyId": 10094801.0,
    "ClaimId": 0.0,
    "Endt_ID": 495501.0,
    "Policy_No": 2700101.0
  },
  {
    "$id": "55",
    "EntityCode": 196,
    "EntityType": "Broker",
    "GlCode": 196.0,
    "VoucherNo": 1379935.0,
    "VoucherType": "",
    "VoucherDate": "24 May 2018",
    "ConvertVouDate": "2018-05-24T10:18:00",
    "TransactionType": "BROKERAGE OUTGO",
    "TransactionTypeId": 17.0,
    "Class": "WC/TPL",
    "ClassCode": 7.0,
    "TransactionNo": 0.0,
    "Amt": 52.50,
    "Amount": "Dr52.50",
    "CustomerName": "AL MADANI GROUP",
    "CounterPartyReferenceNo": null,
    "Description": "Policy No : 2700101 - Business Comprehensive Plus Insurance Policy CAROLINA BOIX (BR. OF AL MADANI GROUP OF COMPANIES L L C)",
    "RefTranID": 10094801.0,
    "RefTranType": "BROKERAGE OUTGO",
    "RefTranTypeId": 17.0,
    "RefTranSerialNo": 495501.0,
    "SerialNo": 0.0,
    "DepartmentCode": null,
    "ProjectIndicatorCode": null,
    "PlaceHolderCode": null,
    "DepartmentName": null,
    "ProjectIndicator": null,
    "PlaceHolder": null,
    "BranchCode": 20.0,
    "BranchName": "DUBAI",
    "TotallingAccCode": 1420.0,
    "TotallingAccName": "MILLENNIUM INSURANCE BROKERS CO LLC",
    "GLAccount": 0.0,
    "GLAccountName": "1-2-20-11-1420-196",
    "PreparedBy": null,
    "ApprovedBy": null,
    "ApprovedDate": null,
    "PreparedDate": null,
    "Matched": 0,
    "PolicyId": 10094801.0,
    "ClaimId": 0.0,
    "Endt_ID": 495501.0,
    "Policy_No": 2700101.0
  },
  {
    "$id": "56",
    "EntityCode": 196,
    "EntityType": "Broker",
    "GlCode": 196.0,
    "VoucherNo": 1372853.0,
    "VoucherType": "DEBIT NOTE",
    "VoucherDate": "08 May 2018",
    "ConvertVouDate": "2018-05-08T00:00:00",
    "TransactionType": "POLICY",
    "TransactionTypeId": 1.0,
    "Class": "WC/TPL",
    "ClassCode": 7.0,
    "TransactionNo": 2700102.0,
    "Amt": 2932.13,
    "Amount": "Dr2932.13",
    "CustomerName": "SURAKSHA INSURANCE BROKERS LLC",
    "CounterPartyReferenceNo": null,
    "Description": "Policy No : 2700102 - Business Comprehensive Plus Insurance Policy-KANDURA",
    "RefTranID": 10094819.0,
    "RefTranType": "POLICY",
    "RefTranTypeId": 1.0,
    "RefTranSerialNo": 0.0,
    "SerialNo": 0.0,
    "DepartmentCode": null,
    "ProjectIndicatorCode": null,
    "PlaceHolderCode": null,
    "DepartmentName": null,
    "ProjectIndicator": null,
    "PlaceHolder": null,
    "BranchCode": 20.0,
    "BranchName": "DUBAI",
    "TotallingAccCode": 1420.0,
    "TotallingAccName": "MILLENNIUM INSURANCE BROKERS CO LLC",
    "GLAccount": 0.0,
    "GLAccountName": "1-2-20-11-1420-196",
    "PreparedBy": "STEFNY COLACO - RSA DXB",
    "ApprovedBy": "STEFNY COLACO - RSA DXB",
    "ApprovedDate": "08 May 2018",
    "PreparedDate": "18 Apr 2018",
    "Matched": 0,
    "PolicyId": 10094819.0,
    "ClaimId": 0.0,
    "Endt_ID": 0.0,
    "Policy_No": 2700102.0
  },
  {
    "$id": "57",
    "EntityCode": 196,
    "EntityType": "Broker",
    "GlCode": 196.0,
    "VoucherNo": 692916.0,
    "VoucherType": "CREDIT",
    "VoucherDate": "08 May 2018",
    "ConvertVouDate": "2018-05-08T00:00:00",
    "TransactionType": "BROKERAGE OUTGO",
    "TransactionTypeId": 17.0,
    "Class": "WC/TPL",
    "ClassCode": 7.0,
    "TransactionNo": 0.0,
    "Amt": -586.43,
    "Amount": "Cr586.43",
    "CustomerName": "AL MADANI GROUP",
    "CounterPartyReferenceNo": null,
    "Description": "Policy No : 2700102 - Business Comprehensive Plus Insurance Policy KANDURA",
    "RefTranID": 10094819.0,
    "RefTranType": "BROKERAGE OUTGO",
    "RefTranTypeId": 17.0,
    "RefTranSerialNo": 0.0,
    "SerialNo": 0.0,
    "DepartmentCode": null,
    "ProjectIndicatorCode": null,
    "PlaceHolderCode": null,
    "DepartmentName": null,
    "ProjectIndicator": null,
    "PlaceHolder": null,
    "BranchCode": 20.0,
    "BranchName": "DUBAI",
    "TotallingAccCode": 1420.0,
    "TotallingAccName": "MILLENNIUM INSURANCE BROKERS CO LLC",
    "GLAccount": 0.0,
    "GLAccountName": "1-2-20-11-1420-196",
    "PreparedBy": null,
    "ApprovedBy": null,
    "ApprovedDate": null,
    "PreparedDate": null,
    "Matched": 0,
    "PolicyId": 10094819.0,
    "ClaimId": 0.0,
    "Endt_ID": 0.0,
    "Policy_No": 2700102.0
  },
  {
    "$id": "58",
    "EntityCode": 196,
    "EntityType": "Broker",
    "GlCode": 196.0,
    "VoucherNo": 699147.0,
    "VoucherType": "CREDIT",
    "VoucherDate": "24 May 2018",
    "ConvertVouDate": "2018-05-24T00:00:00",
    "TransactionType": "ENDORSEMENT",
    "TransactionTypeId": 2.0,
    "Class": "WC/TPL",
    "ClassCode": 7.0,
    "TransactionNo": 1.0,
    "Amt": -262.50,
    "Amount": "Cr262.50",
    "CustomerName": "EMIRATES GROUP EMPLOYEES ",
    "CounterPartyReferenceNo": null,
    "Description": "Policy No : 2700102 - Business Comprehensive Plus Insurance Policy-KANDURA",
    "RefTranID": 10094819.0,
    "RefTranType": "ENDORSEMENT",
    "RefTranTypeId": 2.0,
    "RefTranSerialNo": 495494.0,
    "SerialNo": 0.0,
    "DepartmentCode": null,
    "ProjectIndicatorCode": null,
    "PlaceHolderCode": null,
    "DepartmentName": null,
    "ProjectIndicator": null,
    "PlaceHolder": null,
    "BranchCode": 20.0,
    "BranchName": "DUBAI",
    "TotallingAccCode": 1420.0,
    "TotallingAccName": "MILLENNIUM INSURANCE BROKERS CO LLC",
    "GLAccount": 0.0,
    "GLAccountName": "1-2-20-11-1420-196",
    "PreparedBy": null,
    "ApprovedBy": null,
    "ApprovedDate": "",
    "PreparedDate": "",
    "Matched": 0,
    "PolicyId": 10094819.0,
    "ClaimId": 0.0,
    "Endt_ID": 495494.0,
    "Policy_No": 2700102.0
  },
  {
    "$id": "59",
    "EntityCode": 196,
    "EntityType": "Broker",
    "GlCode": 196.0,
    "VoucherNo": 1379920.0,
    "VoucherType": "",
    "VoucherDate": "24 May 2018",
    "ConvertVouDate": "2018-05-24T10:07:00",
    "TransactionType": "BROKERAGE OUTGO",
    "TransactionTypeId": 17.0,
    "Class": "WC/TPL",
    "ClassCode": 7.0,
    "TransactionNo": 0.0,
    "Amt": 52.50,
    "Amount": "Dr52.50",
    "CustomerName": "AL MADANI GROUP",
    "CounterPartyReferenceNo": null,
    "Description": "Policy No : 2700102 - Business Comprehensive Plus Insurance Policy KANDURA",
    "RefTranID": 10094819.0,
    "RefTranType": "BROKERAGE OUTGO",
    "RefTranTypeId": 17.0,
    "RefTranSerialNo": 495494.0,
    "SerialNo": 0.0,
    "DepartmentCode": null,
    "ProjectIndicatorCode": null,
    "PlaceHolderCode": null,
    "DepartmentName": null,
    "ProjectIndicator": null,
    "PlaceHolder": null,
    "BranchCode": 20.0,
    "BranchName": "DUBAI",
    "TotallingAccCode": 1420.0,
    "TotallingAccName": "MILLENNIUM INSURANCE BROKERS CO LLC",
    "GLAccount": 0.0,
    "GLAccountName": "1-2-20-11-1420-196",
    "PreparedBy": null,
    "ApprovedBy": null,
    "ApprovedDate": null,
    "PreparedDate": null,
    "Matched": 0,
    "PolicyId": 10094819.0,
    "ClaimId": 0.0,
    "Endt_ID": 495494.0,
    "Policy_No": 2700102.0
  },
  {
    "$id": "60",
    "EntityCode": 196,
    "EntityType": "Broker",
    "GlCode": 196.0,
    "VoucherNo": 1372143.0,
    "VoucherType": "DEBIT NOTE",
    "VoucherDate": "07 May 2018",
    "ConvertVouDate": "2018-05-07T00:00:00",
    "TransactionType": "POLICY",
    "TransactionTypeId": 1.0,
    "Class": "WC/TPL",
    "ClassCode": 7.0,
    "TransactionNo": 2313585.0,
    "Amt": 7196.49,
    "Amount": "Dr7196.49",
    "CustomerName": "SURAKSHA INSURANCE BROKERS LLC",
    "CounterPartyReferenceNo": null,
    "Description": "Policy No : 2313585 - Business Comprehensive Insurance Policy-AL MADANI INTERNATIONAL FRANCHISING L L C",
    "RefTranID": 10095118.0,
    "RefTranType": "POLICY",
    "RefTranTypeId": 1.0,
    "RefTranSerialNo": 0.0,
    "SerialNo": 0.0,
    "DepartmentCode": null,
    "ProjectIndicatorCode": null,
    "PlaceHolderCode": null,
    "DepartmentName": null,
    "ProjectIndicator": null,
    "PlaceHolder": null,
    "BranchCode": 20.0,
    "BranchName": "DUBAI",
    "TotallingAccCode": 1420.0,
    "TotallingAccName": "MILLENNIUM INSURANCE BROKERS CO LLC",
    "GLAccount": 0.0,
    "GLAccountName": "1-2-20-11-1420-196",
    "PreparedBy": "STEFNY COLACO - RSA DXB",
    "ApprovedBy": "STEFNY COLACO - RSA DXB",
    "ApprovedDate": "07 May 2018",
    "PreparedDate": "19 Apr 2018",
    "Matched": 0,
    "PolicyId": 10095118.0,
    "ClaimId": 0.0,
    "Endt_ID": 0.0,
    "Policy_No": 2313585.0
  },
  {
    "$id": "61",
    "EntityCode": 196,
    "EntityType": "Broker",
    "GlCode": 196.0,
    "VoucherNo": 692232.0,
    "VoucherType": "CREDIT",
    "VoucherDate": "07 May 2018",
    "ConvertVouDate": "2018-05-07T00:00:00",
    "TransactionType": "BROKERAGE OUTGO",
    "TransactionTypeId": 17.0,
    "Class": "WC/TPL",
    "ClassCode": 7.0,
    "TransactionNo": 0.0,
    "Amt": -1439.30,
    "Amount": "Cr1439.30",
    "CustomerName": "AL MADANI GROUP",
    "CounterPartyReferenceNo": null,
    "Description": "Policy No : 2313585 - Business Comprehensive Insurance Policy AL MADANI INTERNATIONAL FRANCHISING L L C",
    "RefTranID": 10095118.0,
    "RefTranType": "BROKERAGE OUTGO",
    "RefTranTypeId": 17.0,
    "RefTranSerialNo": 0.0,
    "SerialNo": 0.0,
    "DepartmentCode": null,
    "ProjectIndicatorCode": null,
    "PlaceHolderCode": null,
    "DepartmentName": null,
    "ProjectIndicator": null,
    "PlaceHolder": null,
    "BranchCode": 20.0,
    "BranchName": "DUBAI",
    "TotallingAccCode": 1420.0,
    "TotallingAccName": "MILLENNIUM INSURANCE BROKERS CO LLC",
    "GLAccount": 0.0,
    "GLAccountName": "1-2-20-11-1420-196",
    "PreparedBy": null,
    "ApprovedBy": null,
    "ApprovedDate": null,
    "PreparedDate": null,
    "Matched": 0,
    "PolicyId": 10095118.0,
    "ClaimId": 0.0,
    "Endt_ID": 0.0,
    "Policy_No": 2313585.0
  },
  {
    "$id": "62",
    "EntityCode": 196,
    "EntityType": "Broker",
    "GlCode": 196.0,
    "VoucherNo": 699237.0,
    "VoucherType": "CREDIT",
    "VoucherDate": "24 May 2018",
    "ConvertVouDate": "2018-05-24T00:00:00",
    "TransactionType": "ENDORSEMENT",
    "TransactionTypeId": 2.0,
    "Class": "WC/TPL",
    "ClassCode": 7.0,
    "TransactionNo": 1.0,
    "Amt": -262.50,
    "Amount": "Cr262.50",
    "CustomerName": "EIIB - AWR SHOWROOM",
    "CounterPartyReferenceNo": null,
    "Description": "Policy No : 2313585 - Business Comprehensive Insurance Policy-AL MADANI INTERNATIONAL FRANCHISING L L C",
    "RefTranID": 10095118.0,
    "RefTranType": "ENDORSEMENT",
    "RefTranTypeId": 2.0,
    "RefTranSerialNo": 495533.0,
    "SerialNo": 0.0,
    "DepartmentCode": null,
    "ProjectIndicatorCode": null,
    "PlaceHolderCode": null,
    "DepartmentName": null,
    "ProjectIndicator": null,
    "PlaceHolder": null,
    "BranchCode": 20.0,
    "BranchName": "DUBAI",
    "TotallingAccCode": 1420.0,
    "TotallingAccName": "MILLENNIUM INSURANCE BROKERS CO LLC",
    "GLAccount": 0.0,
    "GLAccountName": "1-2-20-11-1420-196",
    "PreparedBy": null,
    "ApprovedBy": null,
    "ApprovedDate": "",
    "PreparedDate": "",
    "Matched": 0,
    "PolicyId": 10095118.0,
    "ClaimId": 0.0,
    "Endt_ID": 495533.0,
    "Policy_No": 2313585.0
  },
  {
    "$id": "63",
    "EntityCode": 196,
    "EntityType": "Broker",
    "GlCode": 196.0,
    "VoucherNo": 1380035.0,
    "VoucherType": "",
    "VoucherDate": "24 May 2018",
    "ConvertVouDate": "2018-05-24T11:47:00",
    "TransactionType": "BROKERAGE OUTGO",
    "TransactionTypeId": 17.0,
    "Class": "WC/TPL",
    "ClassCode": 7.0,
    "TransactionNo": 0.0,
    "Amt": 52.50,
    "Amount": "Dr52.50",
    "CustomerName": "AL MADANI GROUP",
    "CounterPartyReferenceNo": null,
    "Description": "Policy No : 2313585 - Business Comprehensive Insurance Policy AL MADANI INTERNATIONAL FRANCHISING L L C",
    "RefTranID": 10095118.0,
    "RefTranType": "BROKERAGE OUTGO",
    "RefTranTypeId": 17.0,
    "RefTranSerialNo": 495533.0,
    "SerialNo": 0.0,
    "DepartmentCode": null,
    "ProjectIndicatorCode": null,
    "PlaceHolderCode": null,
    "DepartmentName": null,
    "ProjectIndicator": null,
    "PlaceHolder": null,
    "BranchCode": 20.0,
    "BranchName": "DUBAI",
    "TotallingAccCode": 1420.0,
    "TotallingAccName": "MILLENNIUM INSURANCE BROKERS CO LLC",
    "GLAccount": 0.0,
    "GLAccountName": "1-2-20-11-1420-196",
    "PreparedBy": null,
    "ApprovedBy": null,
    "ApprovedDate": null,
    "PreparedDate": null,
    "Matched": 0,
    "PolicyId": 10095118.0,
    "ClaimId": 0.0,
    "Endt_ID": 495533.0,
    "Policy_No": 2313585.0
  },
  {
    "$id": "64",
    "EntityCode": 196,
    "EntityType": "Broker",
    "GlCode": 196.0,
    "VoucherNo": 1385646.0,
    "VoucherType": "DEBIT NOTE",
    "VoucherDate": "04 Jun 2018",
    "ConvertVouDate": "2018-06-04T00:00:00",
    "TransactionType": "POLICY",
    "TransactionTypeId": 1.0,
    "Class": "FIRE",
    "ClassCode": 2.0,
    "TransactionNo": 2308924.0,
    "Amt": 1286.25,
    "Amount": "Dr1286.25",
    "CustomerName": "SURAKSHA INSURANCE BROKERS LLC",
    "CounterPartyReferenceNo": null,
    "Description": "Policy No : 2308924 - Business Comprehensive Insurance Policy-Ms. Hamideh Ismail Harizi",
    "RefTranID": 10116139.0,
    "RefTranType": "POLICY",
    "RefTranTypeId": 1.0,
    "RefTranSerialNo": 0.0,
    "SerialNo": 0.0,
    "DepartmentCode": null,
    "ProjectIndicatorCode": null,
    "PlaceHolderCode": null,
    "DepartmentName": null,
    "ProjectIndicator": null,
    "PlaceHolder": null,
    "BranchCode": 20.0,
    "BranchName": "DUBAI",
    "TotallingAccCode": 1420.0,
    "TotallingAccName": "MILLENNIUM INSURANCE BROKERS CO LLC",
    "GLAccount": 0.0,
    "GLAccountName": "1-2-20-11-1420-196",
    "PreparedBy": "Jackielou B Jorge - RSA Dubai",
    "ApprovedBy": null,
    "ApprovedDate": "",
    "PreparedDate": "04 Jun 2018",
    "Matched": 0,
    "PolicyId": 10116139.0,
    "ClaimId": 0.0,
    "Endt_ID": 0.0,
    "Policy_No": 2308924.0
  },
  {
    "$id": "65",
    "EntityCode": 196,
    "EntityType": "Broker",
    "GlCode": 196.0,
    "VoucherNo": 703025.0,
    "VoucherType": "",
    "VoucherDate": "04 Jun 2018",
    "ConvertVouDate": "2018-06-04T09:01:08",
    "TransactionType": "BROKERAGE OUTGO",
    "TransactionTypeId": 17.0,
    "Class": "FIRE",
    "ClassCode": 2.0,
    "TransactionNo": 0.0,
    "Amt": -321.56,
    "Amount": "Cr321.56",
    "CustomerName": "SURAKSHA INSURANCE BROKERS- CL CUSTOMERS ",
    "CounterPartyReferenceNo": null,
    "Description": "Policy No : 2308924 - Business Comprehensive Insurance Policy Ms. Hamideh Ismail Harizi",
    "RefTranID": 10116139.0,
    "RefTranType": "BROKERAGE OUTGO",
    "RefTranTypeId": 17.0,
    "RefTranSerialNo": 0.0,
    "SerialNo": 0.0,
    "DepartmentCode": null,
    "ProjectIndicatorCode": null,
    "PlaceHolderCode": null,
    "DepartmentName": null,
    "ProjectIndicator": null,
    "PlaceHolder": null,
    "BranchCode": 20.0,
    "BranchName": "DUBAI",
    "TotallingAccCode": 1420.0,
    "TotallingAccName": "MILLENNIUM INSURANCE BROKERS CO LLC",
    "GLAccount": 0.0,
    "GLAccountName": "1-2-20-11-1420-196",
    "PreparedBy": null,
    "ApprovedBy": null,
    "ApprovedDate": null,
    "PreparedDate": null,
    "Matched": 0,
    "PolicyId": 10116139.0,
    "ClaimId": 0.0,
    "Endt_ID": 0.0,
    "Policy_No": 2308924.0
  },
  {
    "$id": "66",
    "EntityCode": 196,
    "EntityType": "Broker",
    "GlCode": 196.0,
    "VoucherNo": 1385650.0,
    "VoucherType": "DEBIT NOTE",
    "VoucherDate": "04 Jun 2018",
    "ConvertVouDate": "2018-06-04T00:00:00",
    "TransactionType": "POLICY",
    "TransactionTypeId": 1.0,
    "Class": "FIRE",
    "ClassCode": 2.0,
    "TransactionNo": 2311333.0,
    "Amt": 1575.0,
    "Amount": "Dr1575.00",
    "CustomerName": "SURAKSHA INSURANCE BROKERS LLC",
    "CounterPartyReferenceNo": null,
    "Description": "Policy No : 2311333 - Business Comprehensive Insurance Policy-ALI MAHMOUDI &/OR NATIONAL BANK OF  FUJAIRAH",
    "RefTranID": 10116142.0,
    "RefTranType": "POLICY",
    "RefTranTypeId": 1.0,
    "RefTranSerialNo": 0.0,
    "SerialNo": 0.0,
    "DepartmentCode": null,
    "ProjectIndicatorCode": null,
    "PlaceHolderCode": null,
    "DepartmentName": null,
    "ProjectIndicator": null,
    "PlaceHolder": null,
    "BranchCode": 20.0,
    "BranchName": "DUBAI",
    "TotallingAccCode": 1420.0,
    "TotallingAccName": "MILLENNIUM INSURANCE BROKERS CO LLC",
    "GLAccount": 0.0,
    "GLAccountName": "1-2-20-11-1420-196",
    "PreparedBy": "Jackielou B Jorge - RSA Dubai",
    "ApprovedBy": null,
    "ApprovedDate": "",
    "PreparedDate": "04 Jun 2018",
    "Matched": 0,
    "PolicyId": 10116142.0,
    "ClaimId": 0.0,
    "Endt_ID": 0.0,
    "Policy_No": 2311333.0
  },
  {
    "$id": "67",
    "EntityCode": 196,
    "EntityType": "Broker",
    "GlCode": 196.0,
    "VoucherNo": 703029.0,
    "VoucherType": "",
    "VoucherDate": "04 Jun 2018",
    "ConvertVouDate": "2018-06-04T09:03:48",
    "TransactionType": "BROKERAGE OUTGO",
    "TransactionTypeId": 17.0,
    "Class": "FIRE",
    "ClassCode": 2.0,
    "TransactionNo": 0.0,
    "Amt": -393.75,
    "Amount": "Cr393.75",
    "CustomerName": "SURAKSHA INSURANCE BROKERS- CL CUSTOMERS ",
    "CounterPartyReferenceNo": null,
    "Description": "Policy No : 2311333 - Business Comprehensive Insurance Policy ALI MAHMOUDI &/OR NATIONAL BANK OF  FUJAIRAH",
    "RefTranID": 10116142.0,
    "RefTranType": "BROKERAGE OUTGO",
    "RefTranTypeId": 17.0,
    "RefTranSerialNo": 0.0,
    "SerialNo": 0.0,
    "DepartmentCode": null,
    "ProjectIndicatorCode": null,
    "PlaceHolderCode": null,
    "DepartmentName": null,
    "ProjectIndicator": null,
    "PlaceHolder": null,
    "BranchCode": 20.0,
    "BranchName": "DUBAI",
    "TotallingAccCode": 1420.0,
    "TotallingAccName": "MILLENNIUM INSURANCE BROKERS CO LLC",
    "GLAccount": 0.0,
    "GLAccountName": "1-2-20-11-1420-196",
    "PreparedBy": null,
    "ApprovedBy": null,
    "ApprovedDate": null,
    "PreparedDate": null,
    "Matched": 0,
    "PolicyId": 10116142.0,
    "ClaimId": 0.0,
    "Endt_ID": 0.0,
    "Policy_No": 2311333.0
  },
  {
    "$id": "68",
    "EntityCode": 196,
    "EntityType": "Broker",
    "GlCode": 196.0,
    "VoucherNo": 721029.0,
    "VoucherType": "",
    "VoucherDate": "18 Jul 2018",
    "ConvertVouDate": "2018-07-18T10:07:21",
    "TransactionType": "BROKERAGE OUTGO",
    "TransactionTypeId": 17.0,
    "Class": "FIRE",
    "ClassCode": 2.0,
    "TransactionNo": 0.0,
    "Amt": -13.01,
    "Amount": "Cr13.01",
    "CustomerName": "SURAKSHA INSURANCE BROKERS- CL CUSTOMERS ",
    "CounterPartyReferenceNo": null,
    "Description": "Policy No : 2314227 - Business Comprehensive Insurance Policy INDIGO RENT A CAR DMCC",
    "RefTranID": 10138130.0,
    "RefTranType": "BROKERAGE OUTGO",
    "RefTranTypeId": 17.0,
    "RefTranSerialNo": 0.0,
    "SerialNo": 0.0,
    "DepartmentCode": null,
    "ProjectIndicatorCode": null,
    "PlaceHolderCode": null,
    "DepartmentName": null,
    "ProjectIndicator": null,
    "PlaceHolder": null,
    "BranchCode": 20.0,
    "BranchName": "DUBAI",
    "TotallingAccCode": 1420.0,
    "TotallingAccName": "MILLENNIUM INSURANCE BROKERS CO LLC",
    "GLAccount": 0.0,
    "GLAccountName": "1-2-20-11-1420-196",
    "PreparedBy": null,
    "ApprovedBy": null,
    "ApprovedDate": null,
    "PreparedDate": null,
    "Matched": 0,
    "PolicyId": 10138130.0,
    "ClaimId": 0.0,
    "Endt_ID": 0.0,
    "Policy_No": 2314227.0
  }
]