{
    "CreditNoteNo": 674124,
    "CostCentre": "GENERAL",
    "CreditnoteDate": "2018-03-22T00:00:00",
    "Name": "DIRECT PERSONAL LINES",
    "Description": null,
    "Status": null,
    "Amount": 324,
    "PreparedBy": "SYSTEM",
    "PreparedDate": null,
    "ApprovedBy": "SYSTEM",
    "ApprovedDate": null,
    "CounterPartyRefNo": null,
    "RefTranID": 10081898,
    "RefTranType": 2,
    "RefTranSlNo": 486898,
    "AnalysisCode": null,
    "PaymentDetails": [],
    "policyDetails": [
        {
            "PolicyID": 10081898,
            "PolicyNumber": 55053931,
            "ConcPolicyNumber": "5/1/020/55053931",
            "CostCenter": "GENERAL",
            "PolicyType": "Travel Insurance Policy",
            "CustomerName": "DIRECT PERSONAL LINES",
            "DebitNoteNo": 0,
            "Amount": 0,
            "Commission": 0,
            "Department": null,
            "ReferenceID": 10081898,
            "ReferencTransType": "ENDORSEMENT",
            "RefTransTypeId": null,
            "ReferenceTranSNo": 486898,
            "AnalysisCode": null,
            "CounterPartyRefNo": null
        },
        {
            "PolicyID": 10081898,
            "PolicyNumber": 55053931,
            "ConcPolicyNumber": "5/1/020/55053931",
            "CostCenter": "GACC",
            "PolicyType": "Travel Insurance Policy",
            "CustomerName": "DIRECT PERSONAL LINES",
            "DebitNoteNo": 0,
            "Amount": 324,
            "Commission": 0,
            "Department": null,
            "ReferenceID": 10081898,
            "ReferencTransType": "ENDORSEMENT",
            "RefTransTypeId": null,
            "ReferenceTranSNo": 486898,
            "AnalysisCode": null,
            "CounterPartyRefNo": null
        }
    ]
}