{
    "DebitNoteNo": 998005,
    "CostCentre": "GENERAL",
    "DebitNoteDate": "05/11/2015",
    "PartyName": "EMIRATES GROUP EMPLOYEES ",
    "Description": null,
    "Bank": "EMIRATES GROUP EMPLOYEES ",
    "Status": null,
    "Amount": -1084,
    "Balance": 0,
    "PreparedBy": "Nadeem Ali - RSA Dubai",
    "PreparedDate": "2015-11-05T16:56:52",
    "ApprovedBy": "Nadeem Ali - RSA Dubai",
    "ApprovedDate": "2015-11-05T16:56:55",
    "CounterPartyReferenceNumber": 0,
    "RefTranID": 878141,
    "RefTranType": 1,
    "RefTranSlNo": 0,
    "AnalysisCode": null,
    "PolicyDetails": [
        {
            "PolicyID": 878141,
            "PolicyNumber": 122202,
            "ConcPolicyNumber": "1/1/020/122202",
            "CostCenter": "MOTOR",
            "PolicyType": "Third Party - Fire / Theft",
            "CustomerName": "EMIRATES GROUP EMPLOYEES ",
            "DebitNoteNo": 998005,
            "Amount": -1084,
            "Commission": 0,
            "Department": null,
            "ReferenceID": 878141,
            "ReferencTransType": "POLICY",
            "RefTransTypeId": null,
            "ReferenceTranSNo": 0,
            "AnalysisCode": null,
            "CounterPartyRefNo": null
        }
    ],
    "ReceiptDetails": []
}