{
    "VoucherNo": 33322,
    "CostCentre": "GENERAL",
    "Date": "2018-04-23T00:00:00",
    "CustomerName": null,
    "Description": "Policy No :30413213 allocated with Adh POl No 25184338",
    "AmountDr": 4393,
    "AmountCr": -4393,
    "PreparedBy": "Joyce - RSA Dubai",
    "PreparedDate": null,
    "ApprovedBy": "Joyce - RSA Dubai",
    "ApprovedDate": null,
    "journalVoucherDetails": [
        {
            "PolicyNumber": null,
            "ConcPolicyNumber": "1/1/020/30413213",
            "Type": null,
            "TransactionNo": null,
            "TotallingAccNumber": 1410,
            "GCAccNumber": 4849,
            "PartyName": "Policy No :30413213 - Comprehensive-OLIVERREPPEL",
            "VoucherNo": 33322,
            "AmountDr": 4393,
            "AmountCr": 0,
            "CounterPartyReferenceNumber": 0,
            "ClaimID": null,
            "RefTranID": 10017219,
            "RefTranType": "ENDORSEMENT",
            "RefTranSlNo": 472095,
            "AnalysisCode": null
        },
        {
            "PolicyNumber": null,
            "ConcPolicyNumber": null,
            "Type": null,
            "TransactionNo": null,
            "TotallingAccNumber": 1590,
            "GCAccNumber": 14,
            "PartyName": "Policy No :30413213 allocated with Adh POl No 25184338",
            "VoucherNo": 33322,
            "AmountDr": 0,
            "AmountCr": -4393,
            "CounterPartyReferenceNumber": 0,
            "ClaimID": null,
            "RefTranID": 33322,
            "RefTranType": "JOURNAL",
            "RefTranSlNo": 2,
            "AnalysisCode": null
        }
    ]
}