{
    "ClaimId": 5420,
    "ClaimNumber": 1841,
    "PolicyId": 1180448,
    "PolicyNumber": null,
    "ConcPolicyNumber": "1/1/020/1180448",
    "CostCentre": "MOTOR",
    "CustomerName": "SCHEME - GARGASH INSURANCE SERVICES ",
    "Agency": null,
    "Date": "2000-09-20T00:00:00",
    "DateFormated": "20 Sep 2000",
    "ClaimAmount": null,
    "Risk": "Foundations",
    "CauseOfLoss": " Medical Expenses Reimbursement",
    "NatureOfLoss": "ACCIDENTAL  DAMAGE TPPD",
    "voucherDetails": [
        {
            "VoucherNo": null,
            "ConcPolicyNumber": null,
            "TransactionNo": null,
            "Date": "2001-09-13T00:00:00",
            "DateFormated": "13 Sep 2001",
            "CustomerName": null,
            "Name": "To Be Advised",
            "Description": null,
            "Amount": 110,
            "CreditPaymentMode": null,
            "SLCode": 0,
            "PaymentType": "EXCESS",
            "SerialNumber": 1,
            "CounterPartyRefNo": null,
            "PreparedBy": null,
            "ApprovedBy": null,
            "PreparedDate": null,
            "ApprovedDate": null,
            "ClaimYear": null,
            "SettlementType": null,
            "CounterPartyRef": null,
            "CostCentre": null,
            "RefTranId": null,
            "RefTranType": null,
            "RefTranSlNo": null,
            "Department": null,
            "ProjectIndicator": null,
            "AnalysisCode": null,
            "TaxInvoiceNo": null,
            "Commission": null
        },
        {
            "VoucherNo": 0,
            "ConcPolicyNumber": null,
            "TransactionNo": null,
            "Date": null,
            "DateFormated": "",
            "CustomerName": null,
            "Name": "45746",
            "Description": null,
            "Amount": 3100,
            "CreditPaymentMode": null,
            "SLCode": 0,
            "PaymentType": "SALVAGE",
            "SerialNumber": 1,
            "CounterPartyRefNo": null,
            "PreparedBy": null,
            "ApprovedBy": null,
            "PreparedDate": null,
            "ApprovedDate": null,
            "ClaimYear": null,
            "SettlementType": null,
            "CounterPartyRef": null,
            "CostCentre": null,
            "RefTranId": null,
            "RefTranType": null,
            "RefTranSlNo": null,
            "Department": null,
            "ProjectIndicator": null,
            "AnalysisCode": null,
            "TaxInvoiceNo": null,
            "Commission": null
        },
        {
            "VoucherNo": 0,
            "ConcPolicyNumber": null,
            "TransactionNo": null,
            "Date": null,
            "DateFormated": "",
            "CustomerName": null,
            "Name": "45746",
            "Description": null,
            "Amount": 3100,
            "CreditPaymentMode": null,
            "SLCode": 0,
            "PaymentType": "ARABIAN GULF MECHANICAL CENTRE,DUBAI",
            "SerialNumber": 1,
            "CounterPartyRefNo": null,
            "PreparedBy": null,
            "ApprovedBy": null,
            "PreparedDate": null,
            "ApprovedDate": null,
            "ClaimYear": null,
            "SettlementType": null,
            "CounterPartyRef": null,
            "CostCentre": null,
            "RefTranId": null,
            "RefTranType": null,
            "RefTranSlNo": null,
            "Department": null,
            "ProjectIndicator": null,
            "AnalysisCode": null,
            "TaxInvoiceNo": null,
            "Commission": null
        },
        {
            "VoucherNo": 0,
            "ConcPolicyNumber": null,
            "TransactionNo": null,
            "Date": null,
            "DateFormated": "",
            "CustomerName": null,
            "Name": "45746",
            "Description": null,
            "Amount": 3100,
            "CreditPaymentMode": null,
            "SLCode": 0,
            "PaymentType": "ARABIAN GULF MECHANICAL CENTRE,DUBAI",
            "SerialNumber": 1,
            "CounterPartyRefNo": null,
            "PreparedBy": null,
            "ApprovedBy": null,
            "PreparedDate": null,
            "ApprovedDate": null,
            "ClaimYear": null,
            "SettlementType": null,
            "CounterPartyRef": null,
            "CostCentre": null,
            "RefTranId": null,
            "RefTranType": null,
            "RefTranSlNo": null,
            "Department": null,
            "ProjectIndicator": null,
            "AnalysisCode": null,
            "TaxInvoiceNo": null,
            "Commission": null
        }
    ]
}