{
    "PolicyNumber": 232054,
    "ConcPolicyNumber": "1/1/020/0232054",
    "QuoteNumber": 210576,
    "QuoteDate": "2009-09-01T17:16:51",
    "CostCenter": "MOTOR",
    "Broker": null,
    "CustomerName": "DIRECT PERSONAL LINES",
    "EffectiveDate": "2009-11-09T00:00:00",
    "ExpiryDate": "2010-11-08T00:00:00",
    "Excess": null,
    "Premium": 648,
    "Status": "Converted to policy",
    "OutStandings": [
        {
            "Date": "2001-05-01T00:00:00",
            "Description": "Policy No :4",
            "Amount": -2917.07
        }
    ],
    "Endorsements": [
        {
            "EndtNo": 4,
            "Description": "\r\nItem No:52 = Ferrari Gents Watch  - Model X2501070061X \r\n\r\nIn consequence of the above:\r\na) The total Sum Insured under the Policy is increased from Dhs.738,948/- to Dhs.751,352/-.\r\nb) An additional pro-rata premium of Dhs.117.58  is hereby charged to and due from the Insured.",
            "EndtDate": null,
            "EndtText": null,
            "EndtType": null,
            "OldPremium": null,
            "NewPremium": 0,
            "Language": null,
            "CreateBy": null,
            "CreateDate": "0001-01-01T00:00:00",
            "ModifyBy": null,
            "ModifyDate": "0001-01-01T00:00:00",
            "Validation": null
        }
    ],
    "Claims": [],
    "Renewals": [
        {
            "PolicyId": 243606,
            "Name": null,
            "ConcPolicyNumber": "1/1/020/0232054",
            "Date": "2009-11-09T00:00:00",
            "Description": "LEONARD JOHN D'SOUZA   ",
            "Amount": 648
        }
    ]
}