{  
   "dubai":[  
      {  
         "id":1,
         "item":"Dubai",
         "divider":false
      },
      {  
         "id":2,
         "item":"Abu Dhabi",
         "divider":false
      },
      {  
         "id":3,
         "item":"Sharjah",
         "divider":false
      }
   ],
   "ksa":[  
      {  
         "id":1,
         "item":"Riyadh",
         "divider":false
      },
      {  
         "id":2,
         "item":"Jeddah",
         "divider":false
      },
      {  
         "id":3,
         "item":"Al Khobar",
         "divider":false
      }
   ],
   "bahrain":[  
      {  
         "id":1,
         "item":"Bahrain",
         "divider":false
      }
   ],
   "oman":[  
      {  
         "id":1,
         "item":"Ruwi.H.O",
         "divider":false
      }
   ]
}