[
    {
        "id": 1,
        "name": "All",
        "creditLimit": 71000,
        "debitlimit": 7100,
        "total": 7100
    },
    {
        "id": 2,
        "name": "pl",
        "creditLimit": 1200,
        "debitlimit": 2100,
        "total": 1300000
    },
    {
        "id": 3,
        "name": "cl",
        "creditLimit": 1800,
        "debitlimit": 2200,
        "total": 30200
    },
    {
        "id": 4,
        "name": "sme/spl",
        "creditLimit": 1000,
        "debitlimit": 2000,
        "total": 30230
    }
]