[
  {
    "$id": "1",
    "EntityCode": 1132,
    "EntityType": "Customer",
    "GlCode": 1132.0,
    "GLCode": 1132.0,
    "GLCodeDesc": "M/S AL GHAZAL IRON WORKS COMPANY LLC",
    "VoucherNo": 1389618.0,
    "VoucherType": "POLICY",
    "VoucherDate": "11 Jun 2018",
    "ConvertVouDate": "2018-06-11T00:00:00",
    "TransactionType": "POLICY",
    "TransactionTypeId": 1.0,
    "Class": "MARINE CARGO",
    "ClassCode": 4.0,
    "CostCenterCode": 11.0,
    "TransactionNo": 50406.0,
    "Amount": 794.37,
    "Com_Amount": null,
    "Amt": "Dr 794.37",
    "CustomerName": "DR G M BAJPAI",
    "CounterPartyRef": null,
    "Description": "Marine Open Policy-AL GHAZAL IRON WORKS COMPANY LLC",
    "RefTransactionID": 10119810.0,
    "RefTranType": "POLICY",
    "RefTransactionType": 1.0,
    "RefTransactionSerialNo": 0.0,
    "SerialNo": 0.0,
    "DepartmentCode": null,
    "AnalysisCode": null,
    "PlaceHolderCode": null,
    "DepartmentName": null,
    "ProjectIndicator": null,
    "PlaceHolder": null,
    "BranchCode": 20.0,
    "BranchName": "DUBAI",
    "TotallingAccCode": 1410.0,
    "TotallingAccName": null,
    "GLAccount": 1132.0,
    "PreparedBy": "Ebrahim - RSA Dubai",
    "ApprovedBy": "Ebrahim - RSA Dubai",
    "ApprovedDate": "11 Jun 2018",
    "PreparedDate": "11 Jun 2018",
    "Matched": 0,
    "PolicyID": 10119810.0,
    "ClaimID": 0.0,
    "Endt_ID": 0.0,
    "PolicyNumber": 50406.0,
    "CountryCode": 1.0,
    "RegionCode": 2.0,
    "CurrencyDesc": null,
    "PolicyYear": 2018.0,
    "Pol_Effective_Date": "2018-06-10T09:21:00",
    "Pol_Expiry_Date": "2019-06-09T09:21:00",
    "GLAccountName": "1-2-20-11-1410-1132"
  },
  {
    "$id": "2",
    "EntityCode": 1132,
    "EntityType": "Customer",
    "GlCode": 1132.0,
    "GLCode": 1132.0,
    "GLCodeDesc": "M/S AL GHAZAL IRON WORKS COMPANY LLC",
    "VoucherNo": 1309001.0,
    "VoucherType": "ENDORSEMENT",
    "VoucherDate": "01 Jan 2018",
    "ConvertVouDate": "2018-01-01T00:00:00",
    "TransactionType": "ENDORSEMENT",
    "TransactionTypeId": 2.0,
    "Class": "MARINE CARGO",
    "ClassCode": 4.0,
    "CostCenterCode": 11.0,
    "TransactionNo": 1.0,
    "Amount": 900.73,
    "Com_Amount": null,
    "Amt": "Dr 900.73",
    "CustomerName": "M/S AL GHAZAL IRON WORKS COMPANY LLC",
    "CounterPartyRef": null,
    "Description": "Marine Open Policy-AL GHAZAL IRON WORKS COMPANY LLC ",
    "RefTransactionID": 10041767.0,
    "RefTranType": "ENDORSEMENT",
    "RefTransactionType": 2.0,
    "RefTransactionSerialNo": 471813.0,
    "SerialNo": 0.0,
    "DepartmentCode": null,
    "AnalysisCode": null,
    "PlaceHolderCode": null,
    "DepartmentName": null,
    "ProjectIndicator": null,
    "PlaceHolder": null,
    "BranchCode": 20.0,
    "BranchName": "DUBAI",
    "TotallingAccCode": 1410.0,
    "TotallingAccName": null,
    "GLAccount": 1132.0,
    "PreparedBy": null,
    "ApprovedBy": null,
    "ApprovedDate": "",
    "PreparedDate": "",
    "Matched": 0,
    "PolicyID": 10041767.0,
    "ClaimID": 0.0,
    "Endt_ID": 471813.0,
    "PolicyNumber": 49567.0,
    "CountryCode": 1.0,
    "RegionCode": 2.0,
    "CurrencyDesc": null,
    "PolicyYear": 2017.0,
    "Pol_Effective_Date": "2017-12-21T09:11:00",
    "Pol_Expiry_Date": "2018-12-20T09:11:00",
    "GLAccountName": "1-2-20-11-1410-1132"
  },
  {
    "$id": "3",
    "EntityCode": 1132,
    "EntityType": "Customer",
    "GlCode": 1132.0,
    "GLCode": 1132.0,
    "GLCodeDesc": "M/S AL GHAZAL IRON WORKS COMPANY LLC",
    "VoucherNo": 707326.0,
    "VoucherType": "ENDORSEMENT",
    "VoucherDate": "13 Jun 2018",
    "ConvertVouDate": "2018-06-13T00:00:00",
    "TransactionType": "ENDORSEMENT",
    "TransactionTypeId": 2.0,
    "Class": "MARINE CARGO",
    "ClassCode": 4.0,
    "CostCenterCode": 11.0,
    "TransactionNo": 1.0,
    "Amount": -794.37,
    "Com_Amount": null,
    "Amt": "Cr 794.37",
    "CustomerName": "AL TAYER MOTORS",
    "CounterPartyRef": null,
    "Description": "Marine Open Policy-AL GHAZAL IRON WORKS COMPANY LLC",
    "RefTransactionID": 10119810.0,
    "RefTranType": "ENDORSEMENT",
    "RefTransactionType": 2.0,
    "RefTransactionSerialNo": 498299.0,
    "SerialNo": 0.0,
    "DepartmentCode": null,
    "AnalysisCode": null,
    "PlaceHolderCode": null,
    "DepartmentName": null,
    "ProjectIndicator": null,
    "PlaceHolder": null,
    "BranchCode": 20.0,
    "BranchName": "DUBAI",
    "TotallingAccCode": 1410.0,
    "TotallingAccName": null,
    "GLAccount": 1132.0,
    "PreparedBy": null,
    "ApprovedBy": null,
    "ApprovedDate": "",
    "PreparedDate": "",
    "Matched": 0,
    "PolicyID": 10119810.0,
    "ClaimID": 0.0,
    "Endt_ID": 498299.0,
    "PolicyNumber": 50406.0,
    "CountryCode": 1.0,
    "RegionCode": 2.0,
    "CurrencyDesc": null,
    "PolicyYear": 2018.0,
    "Pol_Effective_Date": "2018-06-10T09:21:00",
    "Pol_Expiry_Date": "2019-06-09T09:21:00",
    "GLAccountName": "1-2-20-11-1410-1132"
  },
  {
    "$id": "4",
    "EntityCode": 1132,
    "EntityType": "Customer",
    "GlCode": 1132.0,
    "GLCode": 1132.0,
    "GLCodeDesc": "M/S AL GHAZAL IRON WORKS COMPANY LLC",
    "VoucherNo": 1307888.0,
    "VoucherType": "POLICY",
    "VoucherDate": "26 Dec 2017",
    "ConvertVouDate": "2017-12-26T00:00:00",
    "TransactionType": "POLICY",
    "TransactionTypeId": 1.0,
    "Class": "MARINE CARGO",
    "ClassCode": 4.0,
    "CostCenterCode": 11.0,
    "TransactionNo": 49567.0,
    "Amount": 1936.0,
    "Com_Amount": null,
    "Amt": "Dr 1936.00",
    "CustomerName": "M/S AL GHAZAL IRON WORKS COMPANY LLC",
    "CounterPartyRef": null,
    "Description": "Marine Open Policy-AL GHAZAL IRON WORKS COMPANY LLC ",
    "RefTransactionID": 10041767.0,
    "RefTranType": "POLICY",
    "RefTransactionType": 1.0,
    "RefTransactionSerialNo": 0.0,
    "SerialNo": 0.0,
    "DepartmentCode": null,
    "AnalysisCode": null,
    "PlaceHolderCode": null,
    "DepartmentName": null,
    "ProjectIndicator": null,
    "PlaceHolder": null,
    "BranchCode": 20.0,
    "BranchName": "DUBAI",
    "TotallingAccCode": 1410.0,
    "TotallingAccName": null,
    "GLAccount": 1132.0,
    "PreparedBy": "Ebrahim - RSA Dubai",
    "ApprovedBy": "Ebrahim - RSA Dubai",
    "ApprovedDate": "26 Dec 2017",
    "PreparedDate": "24 Dec 2017",
    "Matched": 0,
    "PolicyID": 10041767.0,
    "ClaimID": 0.0,
    "Endt_ID": 0.0,
    "PolicyNumber": 49567.0,
    "CountryCode": 1.0,
    "RegionCode": 2.0,
    "CurrencyDesc": null,
    "PolicyYear": 2017.0,
    "Pol_Effective_Date": "2017-12-21T09:11:00",
    "Pol_Expiry_Date": "2018-12-20T09:11:00",
    "GLAccountName": "1-2-20-11-1410-1132"
  },
  {
    "$id": "5",
    "EntityCode": 1132,
    "EntityType": "Customer",
    "GlCode": 1132.0,
    "GLCode": 1132.0,
    "GLCodeDesc": "M/S AL GHAZAL IRON WORKS COMPANY LLC",
    "VoucherNo": 1405093.0,
    "VoucherType": "POLICY",
    "VoucherDate": "10 Jul 2018",
    "ConvertVouDate": "2018-07-10T00:00:00",
    "TransactionType": "POLICY",
    "TransactionTypeId": 1.0,
    "Class": "MARINE CARGO",
    "ClassCode": 4.0,
    "CostCenterCode": 11.0,
    "TransactionNo": 50544.0,
    "Amount": 919.38,
    "Com_Amount": null,
    "Amt": "Dr 919.38",
    "CustomerName": "DR G M BAJPAI",
    "CounterPartyRef": null,
    "Description": "Marine Open Policy-AL GHAZAL IRON WORKS COMPANY LLC",
    "RefTransactionID": 10134634.0,
    "RefTranType": "POLICY",
    "RefTransactionType": 1.0,
    "RefTransactionSerialNo": 0.0,
    "SerialNo": 0.0,
    "DepartmentCode": null,
    "AnalysisCode": null,
    "PlaceHolderCode": null,
    "DepartmentName": null,
    "ProjectIndicator": null,
    "PlaceHolder": null,
    "BranchCode": 20.0,
    "BranchName": "DUBAI",
    "TotallingAccCode": 1410.0,
    "TotallingAccName": null,
    "GLAccount": 1132.0,
    "PreparedBy": "Ebrahim - RSA Dubai",
    "ApprovedBy": "Ebrahim - RSA Dubai",
    "ApprovedDate": "08 Jul 2018",
    "PreparedDate": "10 Jul 2018",
    "Matched": 0,
    "PolicyID": 10134634.0,
    "ClaimID": 0.0,
    "Endt_ID": 0.0,
    "PolicyNumber": 50544.0,
    "CountryCode": 1.0,
    "RegionCode": 2.0,
    "CurrencyDesc": null,
    "PolicyYear": 2018.0,
    "Pol_Effective_Date": "2018-07-05T15:19:00",
    "Pol_Expiry_Date": "2019-07-04T15:19:00",
    "GLAccountName": "1-2-20-11-1410-1132"
  },
  {
    "$id": "6",
    "EntityCode": 1132,
    "EntityType": "Customer",
    "GlCode": 1132.0,
    "GLCode": 1132.0,
    "GLCodeDesc": "M/S AL GHAZAL IRON WORKS COMPANY LLC",
    "VoucherNo": 1390480.0,
    "VoucherType": "POLICY",
    "VoucherDate": "12 Jun 2018",
    "ConvertVouDate": "2018-06-12T00:00:00",
    "TransactionType": "POLICY",
    "TransactionTypeId": 1.0,
    "Class": "MARINE CARGO",
    "ClassCode": 4.0,
    "CostCenterCode": 11.0,
    "TransactionNo": 50411.0,
    "Amount": 758.26,
    "Com_Amount": null,
    "Amt": "Dr 758.26",
    "CustomerName": "DR G M BAJPAI",
    "CounterPartyRef": null,
    "Description": "Marine Open Policy-AL GHAZAL IRON WORKS COMPANY LLC",
    "RefTransactionID": 10120591.0,
    "RefTranType": "POLICY",
    "RefTransactionType": 1.0,
    "RefTransactionSerialNo": 0.0,
    "SerialNo": 0.0,
    "DepartmentCode": null,
    "AnalysisCode": null,
    "PlaceHolderCode": null,
    "DepartmentName": null,
    "ProjectIndicator": null,
    "PlaceHolder": null,
    "BranchCode": 20.0,
    "BranchName": "DUBAI",
    "TotallingAccCode": 1410.0,
    "TotallingAccName": null,
    "GLAccount": 1132.0,
    "PreparedBy": "Ebrahim - RSA Dubai",
    "ApprovedBy": null,
    "ApprovedDate": "03 Jul 2017",
    "PreparedDate": "12 Jun 2018",
    "Matched": 0,
    "PolicyID": 10120591.0,
    "ClaimID": 0.0,
    "Endt_ID": 0.0,
    "PolicyNumber": 50411.0,
    "CountryCode": 1.0,
    "RegionCode": 2.0,
    "CurrencyDesc": null,
    "PolicyYear": 2018.0,
    "Pol_Effective_Date": "2018-06-12T10:14:34",
    "Pol_Expiry_Date": "2018-06-30T00:00:00",
    "GLAccountName": "1-2-20-11-1410-1132"
  },
  {
    "$id": "7",
    "EntityCode": 1132,
    "EntityType": "Customer",
    "GlCode": 1132.0,
    "GLCode": 1132.0,
    "GLCodeDesc": "M/S AL GHAZAL IRON WORKS COMPANY LLC",
    "VoucherNo": 1268599.0,
    "VoucherType": "DEBIT NOTE",
    "VoucherDate": "26 Sep 2017",
    "ConvertVouDate": "2017-09-26T00:00:00",
    "TransactionType": "DEBIT NOTE",
    "TransactionTypeId": 11.0,
    "Class": "ALL CLASSES",
    "ClassCode": 0.0,
    "CostCenterCode": 11.0,
    "TransactionNo": 0.0,
    "Amount": 1000.0,
    "Com_Amount": null,
    "Amt": "Dr 1000.00",
    "CustomerName": "AL GHAZAL IRON WORKS COMPANY LLC",
    "CounterPartyRef": null,
    "Description": "CLM# 360014 EXCESS DEBITED ",
    "RefTransactionID": 1268599.0,
    "RefTranType": "DEBIT NOTE",
    "RefTransactionType": 11.0,
    "RefTransactionSerialNo": 0.0,
    "SerialNo": 0.0,
    "DepartmentCode": null,
    "AnalysisCode": null,
    "PlaceHolderCode": null,
    "DepartmentName": null,
    "ProjectIndicator": null,
    "PlaceHolder": null,
    "BranchCode": 20.0,
    "BranchName": "DUBAI",
    "TotallingAccCode": 1410.0,
    "TotallingAccName": null,
    "GLAccount": 1132.0,
    "PreparedBy": null,
    "ApprovedBy": null,
    "ApprovedDate": null,
    "PreparedDate": null,
    "Matched": 0,
    "PolicyID": 0.0,
    "ClaimID": 0.0,
    "Endt_ID": 0.0,
    "PolicyNumber": 0.0,
    "CountryCode": 1.0,
    "RegionCode": 2.0,
    "CurrencyDesc": null,
    "PolicyYear": 0.0,
    "Pol_Effective_Date": null,
    "Pol_Expiry_Date": null,
    "GLAccountName": "1-2-20-11-1410-1132"
  },
  {
    "$id": "8",
    "EntityCode": 1132,
    "EntityType": "Customer",
    "GlCode": 1132.0,
    "GLCode": 1132.0,
    "GLCodeDesc": "M/S AL GHAZAL IRON WORKS COMPANY LLC",
    "VoucherNo": 1351609.0,
    "VoucherType": "POLICY",
    "VoucherDate": "25 Mar 2018",
    "ConvertVouDate": "2018-03-25T00:00:00",
    "TransactionType": "POLICY",
    "TransactionTypeId": 1.0,
    "Class": "MARINE CARGO",
    "ClassCode": 4.0,
    "CostCenterCode": 11.0,
    "TransactionNo": 49877.0,
    "Amount": 1388.93,
    "Com_Amount": null,
    "Amt": "Dr 1388.93",
    "CustomerName": "DR G M BAJPAI",
    "CounterPartyRef": null,
    "Description": "Marine Open Policy-AL GHAZAL IRON WORKS COMPANY LLC",
    "RefTransactionID": 10070272.0,
    "RefTranType": "POLICY",
    "RefTransactionType": 1.0,
    "RefTransactionSerialNo": 0.0,
    "SerialNo": 0.0,
    "DepartmentCode": null,
    "AnalysisCode": null,
    "PlaceHolderCode": null,
    "DepartmentName": null,
    "ProjectIndicator": null,
    "PlaceHolder": null,
    "BranchCode": 20.0,
    "BranchName": "DUBAI",
    "TotallingAccCode": 1410.0,
    "TotallingAccName": null,
    "GLAccount": 1132.0,
    "PreparedBy": "Ebrahim - RSA Dubai",
    "ApprovedBy": "Ebrahim - RSA Dubai",
    "ApprovedDate": "25 Mar 2018",
    "PreparedDate": "26 Feb 2018",
    "Matched": 0,
    "PolicyID": 10070272.0,
    "ClaimID": 0.0,
    "Endt_ID": 0.0,
    "PolicyNumber": 49877.0,
    "CountryCode": 1.0,
    "RegionCode": 2.0,
    "CurrencyDesc": null,
    "PolicyYear": 2018.0,
    "Pol_Effective_Date": "2018-02-26T10:02:00",
    "Pol_Expiry_Date": "2018-06-30T00:00:00",
    "GLAccountName": "1-2-20-11-1410-1132"
  },
  {
    "$id": "9",
    "EntityCode": 1132,
    "EntityType": "Customer",
    "GlCode": 1132.0,
    "GLCode": 1132.0,
    "GLCodeDesc": "M/S AL GHAZAL IRON WORKS COMPANY LLC",
    "VoucherNo": 1278480.0,
    "VoucherType": "POLICY",
    "VoucherDate": "18 Oct 2017",
    "ConvertVouDate": "2017-10-18T00:00:00",
    "TransactionType": "POLICY",
    "TransactionTypeId": 1.0,
    "Class": "MARINE CARGO",
    "ClassCode": 4.0,
    "CostCenterCode": 11.0,
    "TransactionNo": 49230.0,
    "Amount": 1908.22,
    "Com_Amount": null,
    "Amt": "Dr 1908.22",
    "CustomerName": "M/S AL GHAZAL IRON WORKS COMPANY LLC",
    "CounterPartyRef": null,
    "Description": "Marine Open Policy-AL GHAZAL IRON WORKS COMPANY LLC, P O BOX 71100, DUBAI    U  A  E ",
    "RefTransactionID": 10009298.0,
    "RefTranType": "POLICY",
    "RefTransactionType": 1.0,
    "RefTransactionSerialNo": 0.0,
    "SerialNo": 0.0,
    "DepartmentCode": null,
    "AnalysisCode": null,
    "PlaceHolderCode": null,
    "DepartmentName": null,
    "ProjectIndicator": null,
    "PlaceHolder": null,
    "BranchCode": 20.0,
    "BranchName": "DUBAI",
    "TotallingAccCode": 1410.0,
    "TotallingAccName": null,
    "GLAccount": 1132.0,
    "PreparedBy": "Ebrahim - RSA Dubai",
    "ApprovedBy": "Bindu Suresh-RSA Dubai",
    "ApprovedDate": "18 Oct 2017",
    "PreparedDate": "10 Oct 2017",
    "Matched": 0,
    "PolicyID": 10009298.0,
    "ClaimID": 0.0,
    "Endt_ID": 0.0,
    "PolicyNumber": 49230.0,
    "CountryCode": 1.0,
    "RegionCode": 2.0,
    "CurrencyDesc": null,
    "PolicyYear": 2017.0,
    "Pol_Effective_Date": "2017-10-10T15:13:27",
    "Pol_Expiry_Date": "2018-06-30T00:00:00",
    "GLAccountName": "1-2-20-11-1410-1132"
  },
  {
    "$id": "10",
    "EntityCode": 1132,
    "EntityType": "Customer",
    "GlCode": 1132.0,
    "GLCode": 1132.0,
    "GLCodeDesc": "M/S AL GHAZAL IRON WORKS COMPANY LLC",
    "VoucherNo": 1405070.0,
    "VoucherType": "POLICY",
    "VoucherDate": "10 Jul 2018",
    "ConvertVouDate": "2018-07-10T00:00:00",
    "TransactionType": "POLICY",
    "TransactionTypeId": 1.0,
    "Class": "MARINE CARGO",
    "ClassCode": 4.0,
    "CostCenterCode": 11.0,
    "TransactionNo": 50519.0,
    "Amount": 875.60,
    "Com_Amount": null,
    "Amt": "Dr 875.60",
    "CustomerName": "DR G M BAJPAI",
    "CounterPartyRef": null,
    "Description": "Marine Cargo Policy-AL GHAZAL IRON WORKS COMPANY LLC ",
    "RefTransactionID": 10132869.0,
    "RefTranType": "POLICY",
    "RefTransactionType": 1.0,
    "RefTransactionSerialNo": 0.0,
    "SerialNo": 0.0,
    "DepartmentCode": null,
    "AnalysisCode": null,
    "PlaceHolderCode": null,
    "DepartmentName": null,
    "ProjectIndicator": null,
    "PlaceHolder": null,
    "BranchCode": 20.0,
    "BranchName": "DUBAI",
    "TotallingAccCode": 1410.0,
    "TotallingAccName": null,
    "GLAccount": 1132.0,
    "PreparedBy": "Ebrahim - RSA Dubai",
    "ApprovedBy": "Ebrahim - RSA Dubai",
    "ApprovedDate": "10 Jul 2018",
    "PreparedDate": "08 Jul 2018",
    "Matched": 0,
    "PolicyID": 10132869.0,
    "ClaimID": 0.0,
    "Endt_ID": 0.0,
    "PolicyNumber": 50519.0,
    "CountryCode": 1.0,
    "RegionCode": 2.0,
    "CurrencyDesc": null,
    "PolicyYear": 2018.0,
    "Pol_Effective_Date": "2018-07-05T00:00:00",
    "Pol_Expiry_Date": "2019-07-04T00:00:00",
    "GLAccountName": "1-2-20-11-1410-1132"
  },
  {
    "$id": "11",
    "EntityCode": 1132,
    "EntityType": "Customer",
    "GlCode": 1132.0,
    "GLCode": 1132.0,
    "GLCodeDesc": "M/S AL GHAZAL IRON WORKS COMPANY LLC",
    "VoucherNo": 1260490.0,
    "VoucherType": "POLICY",
    "VoucherDate": "05 Sep 2017",
    "ConvertVouDate": "2017-09-05T00:00:00",
    "TransactionType": "POLICY",
    "TransactionTypeId": 1.0,
    "Class": "MARINE CARGO",
    "ClassCode": 4.0,
    "CostCenterCode": 11.0,
    "TransactionNo": 49054.0,
    "Amount": 6130.73,
    "Com_Amount": null,
    "Amt": "Dr 6130.73",
    "CustomerName": "M/S AL GHAZAL IRON WORKS COMPANY LLC",
    "CounterPartyRef": null,
    "Description": "Marine Open Policy-AL GHAZAL IRON WORKS COMPANY LLC ",
    "RefTransactionID": 1326948.0,
    "RefTranType": "POLICY",
    "RefTransactionType": 1.0,
    "RefTransactionSerialNo": 0.0,
    "SerialNo": 0.0,
    "DepartmentCode": null,
    "AnalysisCode": null,
    "PlaceHolderCode": null,
    "DepartmentName": null,
    "ProjectIndicator": null,
    "PlaceHolder": null,
    "BranchCode": 20.0,
    "BranchName": "DUBAI",
    "TotallingAccCode": 1410.0,
    "TotallingAccName": null,
    "GLAccount": 1132.0,
    "PreparedBy": "Ebrahim - RSA Dubai",
    "ApprovedBy": "Bindu Suresh-RSA Dubai",
    "ApprovedDate": "05 Sep 2017",
    "PreparedDate": "05 Sep 2017",
    "Matched": 0,
    "PolicyID": 1326948.0,
    "ClaimID": 0.0,
    "Endt_ID": 0.0,
    "PolicyNumber": 49054.0,
    "CountryCode": 1.0,
    "RegionCode": 2.0,
    "CurrencyDesc": null,
    "PolicyYear": 2017.0,
    "Pol_Effective_Date": "2017-03-01T14:51:00",
    "Pol_Expiry_Date": "2018-02-28T14:51:00",
    "GLAccountName": "1-2-20-11-1410-1132"
  },
  {
    "$id": "12",
    "EntityCode": 1132,
    "EntityType": "Customer",
    "GlCode": 1132.0,
    "GLCode": 1132.0,
    "GLCodeDesc": "M/S AL GHAZAL IRON WORKS COMPANY LLC",
    "VoucherNo": 1312408.0,
    "VoucherType": "ENDORSEMENT",
    "VoucherDate": "02 Jan 2018",
    "ConvertVouDate": "2018-01-02T00:00:00",
    "TransactionType": "ENDORSEMENT",
    "TransactionTypeId": 2.0,
    "Class": "MOTOR",
    "ClassCode": 1.0,
    "CostCenterCode": 11.0,
    "TransactionNo": 1.0,
    "Amount": 277.70,
    "Com_Amount": null,
    "Amt": "Dr 277.70",
    "CustomerName": "DR G M BAJPAI",
    "CounterPartyRef": null,
    "Description": "Comprehensive-AL GHAZAL IRON WORKS COMPANY LLC ",
    "RefTransactionID": 1301636.0,
    "RefTranType": "ENDORSEMENT",
    "RefTransactionType": 2.0,
    "RefTransactionSerialNo": 473316.0,
    "SerialNo": 0.0,
    "DepartmentCode": null,
    "AnalysisCode": null,
    "PlaceHolderCode": null,
    "DepartmentName": null,
    "ProjectIndicator": null,
    "PlaceHolder": null,
    "BranchCode": 20.0,
    "BranchName": "DUBAI",
    "TotallingAccCode": 1410.0,
    "TotallingAccName": null,
    "GLAccount": 1132.0,
    "PreparedBy": "SYSTEM VAT",
    "ApprovedBy": null,
    "ApprovedDate": "",
    "PreparedDate": "02 Jan 2018",
    "Matched": 0,
    "PolicyID": 1301636.0,
    "ClaimID": 0.0,
    "Endt_ID": 473316.0,
    "PolicyNumber": 117313.0,
    "CountryCode": 1.0,
    "RegionCode": 2.0,
    "CurrencyDesc": null,
    "PolicyYear": 2017.0,
    "Pol_Effective_Date": "2017-07-01T00:00:00",
    "Pol_Expiry_Date": "2018-06-30T00:00:00",
    "GLAccountName": "1-2-20-11-1410-1132"
  },
  {
    "$id": "13",
    "EntityCode": 1132,
    "EntityType": "Customer",
    "GlCode": 1132.0,
    "GLCode": 1132.0,
    "GLCodeDesc": "M/S AL GHAZAL IRON WORKS COMPANY LLC",
    "VoucherNo": 1368198.0,
    "VoucherType": "POLICY",
    "VoucherDate": "01 May 2018",
    "ConvertVouDate": "2018-05-01T00:00:00",
    "TransactionType": "POLICY",
    "TransactionTypeId": 1.0,
    "Class": "MARINE CARGO",
    "ClassCode": 4.0,
    "CostCenterCode": 11.0,
    "TransactionNo": 50117.0,
    "Amount": 2112.39,
    "Com_Amount": null,
    "Amt": "Dr 2112.39",
    "CustomerName": "DR G M BAJPAI",
    "CounterPartyRef": null,
    "Description": "Marine Open Policy-AL GHAZAL IRON WORKS COMPANY LLC  ",
    "RefTransactionID": 10093397.0,
    "RefTranType": "POLICY",
    "RefTransactionType": 1.0,
    "RefTransactionSerialNo": 0.0,
    "SerialNo": 0.0,
    "DepartmentCode": null,
    "AnalysisCode": null,
    "PlaceHolderCode": null,
    "DepartmentName": null,
    "ProjectIndicator": null,
    "PlaceHolder": null,
    "BranchCode": 20.0,
    "BranchName": "DUBAI",
    "TotallingAccCode": 1410.0,
    "TotallingAccName": null,
    "GLAccount": 1132.0,
    "PreparedBy": "Ebrahim - RSA Dubai",
    "ApprovedBy": "Ebrahim - RSA Dubai",
    "ApprovedDate": "29 Apr 2018",
    "PreparedDate": "16 Apr 2018",
    "Matched": 0,
    "PolicyID": 10093397.0,
    "ClaimID": 0.0,
    "Endt_ID": 0.0,
    "PolicyNumber": 50117.0,
    "CountryCode": 1.0,
    "RegionCode": 2.0,
    "CurrencyDesc": null,
    "PolicyYear": 2018.0,
    "Pol_Effective_Date": "2018-04-16T11:20:39",
    "Pol_Expiry_Date": "2018-06-30T00:00:00",
    "GLAccountName": "1-2-20-11-1410-1132"
  },
  {
    "$id": "14",
    "EntityCode": 1132,
    "EntityType": "Customer",
    "GlCode": 1132.0,
    "GLCode": 1132.0,
    "GLCodeDesc": "M/S AL GHAZAL IRON WORKS COMPANY LLC",
    "VoucherNo": 717914.0,
    "VoucherType": "ENDORSEMENT",
    "VoucherDate": "10 Jul 2018",
    "ConvertVouDate": "2018-07-10T00:00:00",
    "TransactionType": "ENDORSEMENT",
    "TransactionTypeId": 2.0,
    "Class": "MARINE CARGO",
    "ClassCode": 4.0,
    "CostCenterCode": 11.0,
    "TransactionNo": 1.0,
    "Amount": -875.60,
    "Com_Amount": null,
    "Amt": "Cr 875.60",
    "CustomerName": "ISLAMIC ARABIAN INSURANCE CO.",
    "CounterPartyRef": null,
    "Description": "Marine Cargo Policy-AL GHAZAL IRON WORKS COMPANY LLC ",
    "RefTransactionID": 10132869.0,
    "RefTranType": "ENDORSEMENT",
    "RefTransactionType": 2.0,
    "RefTransactionSerialNo": 501939.0,
    "SerialNo": 0.0,
    "DepartmentCode": null,
    "AnalysisCode": null,
    "PlaceHolderCode": null,
    "DepartmentName": null,
    "ProjectIndicator": null,
    "PlaceHolder": null,
    "BranchCode": 20.0,
    "BranchName": "DUBAI",
    "TotallingAccCode": 1410.0,
    "TotallingAccName": null,
    "GLAccount": 1132.0,
    "PreparedBy": null,
    "ApprovedBy": null,
    "ApprovedDate": "",
    "PreparedDate": "",
    "Matched": 0,
    "PolicyID": 10132869.0,
    "ClaimID": 0.0,
    "Endt_ID": 501939.0,
    "PolicyNumber": 50519.0,
    "CountryCode": 1.0,
    "RegionCode": 2.0,
    "CurrencyDesc": null,
    "PolicyYear": 2018.0,
    "Pol_Effective_Date": "2018-07-05T00:00:00",
    "Pol_Expiry_Date": "2019-07-04T00:00:00",
    "GLAccountName": "1-2-20-11-1410-1132"
  }
]