[
    {
        "id": 1,
        "name": "Receipt",
        "path": "/receipt/new",
        "active": true,
        "submenu": null,
        "data": {
            "title": "Receipt",
            "dialogname": "Receipt",
            "amount": 0,
            "currency": "aed",
            "backdrop": true,
            "ignoreBackdropClick": true
        }
    },
    {
        "id": 2,
        "name": "Payments",
        "path": "/finance/payments",
        "active": false,
        "submenu": [
            {
                "id": 21,
                "name": "General",
                "path": "/payment/new",
                "active": false,
                "data": {
                    "title": "Payments",
                    "dialogname": "Payment",
                    "amount": 0,
                    "currency": "aed",
                    "backdrop": true,
                    "ignoreBackdropClick": true
                }
            },
            {
                "id": 22,
                "name": "Cheque Print",
                "path": "/finance/cheque",
                "active": false
            }
        ]
    },
    {
        "id": 3,
        "name": "Journals",
        "path": "/finance/journals",
        "active": false,
        "submenu": null
    },
    {
        "id": 4,
        "name": "Tax Invoice",
        "path": "/finance/debitnotes",
        "active": false,
        "submenu": null
    },
    {
        "id": 5,
        "name": "Credit Note",
        "path": "/finance/creditnotes",
        "active": false,
        "submenu": null
    },
    {
        "id": 6,
        "name": "Reports",
        "path": "/finance/Reports",
        "active": false,
        "submenu": null
    },
    {
        "id": 7,
        "name": "Entities",
        "path": "/entitie/new",
        "active": false,
        "submenu": null
    },
    {
        "id": 8,
        "name": "Month End",
        "path": "/finance/monthend",
        "active": false,
        "submenu": null
    }
]