[
    {
        "id": 0,
        "item": "Accounts"
    },
    {
        "id": 1,
        "item": "Motor"
    },
    {
        "id": 2,
        "item": "Property"
    },
    {
        "id": 8,
        "item": "Engineering"
    },
    {
        "id": 4,
        "item": "Marine Cargo"
    },
    {
        "id": 3,
        "item": "Marine Hull"
    },
    {
        "id": 7,
        "item": "WC/TPL"
    } ,
    {
        "id": 5,
        "item": "General Accidents"
    }
]