[
    {
        "$id": "1",
        "TransactionType": 1,
        "VoucherNo": 141499,
        "VoucherDate": "2017-01-27T00:00:00",
        "Branch": 20,
        "SerialNo": 0,
        "PolicyNumber": "118974",
        "GrossAmount": null,
        "Commision": -2292,
        "NetAmount": null,
        "Description": "FAT TANK L L C & OR MASHREQ BANK ",
        "ClassCode": 1,
        "CityCode": 1,
        "RegionCode": 2,
        "Receipt": null,
        "ReceiptDetails": [
            {
                "$id": "2",
                "Amount": -30,
                "AmountStr": "-30",
                "ReceiptNo": 30107,
                "ReceiptDate": "02/01/2006",
                "ReceiptDateStr": "02 Jan 2006",
                "PolicyID": 118974,
                "SerialNo": 0,
                "GLCode": 3782,
                "GLName": "20-2-2-1410-3782",
                "PolicyNumber": 211364,
                "PolicyYear": 2006,
                "DepartmentCode": 0,
                "DepartmentName": "undefined",
                "Description": "FAT TANK L L C",
                "LocationCode": 2,
                "LocationName": "RIYADH",
                "ClassCode": 1,
                "ClassName": "MOTOR",
                "PolicyType": 3,
                "CountryCode": 20,
                "CountryName": "Switzerland",
                "RegionCode": 2,
                "RegionName": "United Arab Emirates",
                "CostCenterCode": 11,
                "CostCenterName": null,
                "TotallingAccCode": 0,
                "TotallingAccName": null,
                "ClaimID": 0,
                "RefTransactionID": 118974,
                "RefTransactionType": 1,
                "RefTransactionSerialNo": 0,
                "PreparedBy": 1,
                "PreparedDate": "2018-11-19T15:45:08.1835458+05:30",
                "PreparedDateStr": "19 Nov 2018",
                "ModifiedBy": null,
                "ModifiedDate": null,
                "ModifiedDateStr": null,
                "AnalysisCode": null,
                "AnalysisName": null,
                "IsCreditEntry": true,
                "DocumentCode": 1,
                "DocumentName": "NEW",
                "ReferenceID1": 0,
                "ReferenceID2": 0,
                "RefPolicyNo": 211364,
                "RefPolicyYear": 2004,
                "SLCode": 3782,
                "CounterPartyRef": "No idea",
                "Language": null,
                "CreateBy": null,
                "CreateDate": "0001-01-01T00:00:00",
                "ModifyBy": null,
                "ModifyDate": "0001-01-01T00:00:00",
                "Validation": null
            }
        ],
        "Matched": true,
        "Language": null,
        "CreateBy": null,
        "CreateDate": "0001-01-01T00:00:00",
        "ModifyBy": null,
        "ModifyDate": "0001-01-01T00:00:00",
        "Validation": null
    },
    {
        "$id": "2",
        "TransactionType": 1,
        "VoucherNo": 141499,
        "VoucherDate": "2017-01-27T00:00:00",
        "Branch": 20,
        "SerialNo": 0,
        "PolicyNumber": "118974",
        "GrossAmount": null,
        "Commision": -2292,
        "NetAmount": null,
        "Description": "FAT TANK L L C & OR MASHREQ BANK ",
        "ClassCode": 1,
        "CityCode": 1,
        "RegionCode": 2,
        "Receipt": null,
        "ReceiptDetails": [
            {
                "$id": "2",
                "Amount": -30,
                "AmountStr": "-30",
                "ReceiptNo": 30107,
                "ReceiptDate": "02/01/2006",
                "ReceiptDateStr": "02 Jan 2006",
                "PolicyID": 118974,
                "SerialNo": 0,
                "GLCode": 3782,
                "GLName": "20-2-2-1410-3782",
                "PolicyNumber": 211364,
                "PolicyYear": 2006,
                "DepartmentCode": 0,
                "DepartmentName": "undefined",
                "Description": "FAT TANK L L C",
                "LocationCode": 2,
                "LocationName": "RIYADH",
                "ClassCode": 1,
                "ClassName": "MOTOR",
                "PolicyType": 3,
                "CountryCode": 20,
                "CountryName": "Switzerland",
                "RegionCode": 2,
                "RegionName": "United Arab Emirates",
                "CostCenterCode": 11,
                "CostCenterName": null,
                "TotallingAccCode": 0,
                "TotallingAccName": null,
                "ClaimID": 0,
                "RefTransactionID": 118974,
                "RefTransactionType": 1,
                "RefTransactionSerialNo": 0,
                "PreparedBy": 1,
                "PreparedDate": "2018-11-19T15:45:08.1835458+05:30",
                "PreparedDateStr": "19 Nov 2018",
                "ModifiedBy": null,
                "ModifiedDate": null,
                "ModifiedDateStr": null,
                "AnalysisCode": null,
                "AnalysisName": null,
                "IsCreditEntry": true,
                "DocumentCode": 1,
                "DocumentName": "NEW",
                "ReferenceID1": 0,
                "ReferenceID2": 0,
                "RefPolicyNo": 211364,
                "RefPolicyYear": 2004,
                "SLCode": 3782,
                "CounterPartyRef": "No idea",
                "Language": null,
                "CreateBy": null,
                "CreateDate": "0001-01-01T00:00:00",
                "ModifyBy": null,
                "ModifyDate": "0001-01-01T00:00:00",
                "Validation": null
            }
        ],
        "Matched": false,
        "Language": null,
        "CreateBy": null,
        "CreateDate": "0001-01-01T00:00:00",
        "ModifyBy": null,
        "ModifyDate": "0001-01-01T00:00:00",
        "Validation": null
    },
    {
        "$id": "2",
        "TransactionType": 1,
        "VoucherNo": 141499,
        "VoucherDate": "2017-01-27T00:00:00",
        "Branch": 20,
        "SerialNo": 0,
        "PolicyNumber": "118974",
        "GrossAmount": null,
        "Commision": -2292,
        "NetAmount": null,
        "Description": "FAT TANK L L C & OR MASHREQ BANK ",
        "ClassCode": 1,
        "CityCode": 1,
        "RegionCode": 2,
        "Receipt": null,
        "ReceiptDetails": [
            {
                "$id": "2",
                "Amount": -100,
                "AmountStr": "-30",
                "ReceiptNo": 30107,
                "ReceiptDate": "02/01/2006",
                "ReceiptDateStr": "02 Jan 2006",
                "PolicyID": 118974,
                "SerialNo": 0,
                "GLCode": 3782,
                "GLName": "20-2-2-1410-3782",
                "PolicyNumber": 211364,
                "PolicyYear": 2006,
                "DepartmentCode": 0,
                "DepartmentName": "undefined",
                "Description": "FAT TANK L L C",
                "LocationCode": 2,
                "LocationName": "RIYADH",
                "ClassCode": 1,
                "ClassName": "MOTOR",
                "PolicyType": 3,
                "CountryCode": 20,
                "CountryName": "Switzerland",
                "RegionCode": 2,
                "RegionName": "United Arab Emirates",
                "CostCenterCode": 11,
                "CostCenterName": null,
                "TotallingAccCode": 0,
                "TotallingAccName": null,
                "ClaimID": 0,
                "RefTransactionID": 118974,
                "RefTransactionType": 1,
                "RefTransactionSerialNo": 0,
                "PreparedBy": 1,
                "PreparedDate": "2018-11-19T15:45:08.1835458+05:30",
                "PreparedDateStr": "19 Nov 2018",
                "ModifiedBy": null,
                "ModifiedDate": null,
                "ModifiedDateStr": null,
                "AnalysisCode": null,
                "AnalysisName": null,
                "IsCreditEntry": true,
                "DocumentCode": 1,
                "DocumentName": "NEW",
                "ReferenceID1": 0,
                "ReferenceID2": 0,
                "RefPolicyNo": 211364,
                "RefPolicyYear": 2004,
                "SLCode": 3782,
                "CounterPartyRef": "No idea",
                "Language": null,
                "CreateBy": null,
                "CreateDate": "0001-01-01T00:00:00",
                "ModifyBy": null,
                "ModifyDate": "0001-01-01T00:00:00",
                "Validation": null
            }
        ],
        "Matched": false,
        "Language": null,
        "CreateBy": null,
        "CreateDate": "0001-01-01T00:00:00",
        "ModifyBy": null,
        "ModifyDate": "0001-01-01T00:00:00",
        "Validation": null
    },{
        "$id": "2",
        "TransactionType": 1,
        "VoucherNo": 141499,
        "VoucherDate": "2017-01-27T00:00:00",
        "Branch": 20,
        "SerialNo": 0,
        "PolicyNumber": "118974",
        "GrossAmount": null,
        "Commision": -2292,
        "NetAmount": null,
        "Description": "FAT TANK L L C & OR MASHREQ BANK ",
        "ClassCode": 1,
        "CityCode": 1,
        "RegionCode": 2,
        "Receipt": null,
        "ReceiptDetails": [
            {
                "$id": "4",
                "Amount": -1120,
                "AmountStr": "-30",
                "ReceiptNo": 30107,
                "ReceiptDate": "02/01/2006",
                "ReceiptDateStr": "02 Jan 2006",
                "PolicyID": 118974,
                "SerialNo": 0,
                "GLCode": 3782,
                "GLName": "20-2-2-1410-3782",
                "PolicyNumber": 211364,
                "PolicyYear": 2006,
                "DepartmentCode": 0,
                "DepartmentName": "undefined",
                "Description": "FAT TANK L L C",
                "LocationCode": 2,
                "LocationName": "RIYADH",
                "ClassCode": 1,
                "ClassName": "MOTOR",
                "PolicyType": 3,
                "CountryCode": 20,
                "CountryName": "Switzerland",
                "RegionCode": 2,
                "RegionName": "United Arab Emirates",
                "CostCenterCode": 11,
                "CostCenterName": null,
                "TotallingAccCode": 0,
                "TotallingAccName": null,
                "ClaimID": 0,
                "RefTransactionID": 118974,
                "RefTransactionType": 1,
                "RefTransactionSerialNo": 0,
                "PreparedBy": 1,
                "PreparedDate": "2018-11-19T15:45:08.1835458+05:30",
                "PreparedDateStr": "19 Nov 2018",
                "ModifiedBy": null,
                "ModifiedDate": null,
                "ModifiedDateStr": null,
                "AnalysisCode": null,
                "AnalysisName": null,
                "IsCreditEntry": true,
                "DocumentCode": 1,
                "DocumentName": "NEW",
                "ReferenceID1": 0,
                "ReferenceID2": 0,
                "RefPolicyNo": 211364,
                "RefPolicyYear": 2004,
                "SLCode": 3782,
                "CounterPartyRef": "No idea",
                "Language": null,
                "CreateBy": null,
                "CreateDate": "0001-01-01T00:00:00",
                "ModifyBy": null,
                "ModifyDate": "0001-01-01T00:00:00",
                "Validation": null
            }
        ],
        "Matched": false,
        "Language": null,
        "CreateBy": null,
        "CreateDate": "0001-01-01T00:00:00",
        "ModifyBy": null,
        "ModifyDate": "0001-01-01T00:00:00",
        "Validation": null
    }
]