{
    "Mytask": {
        "PendingApprovals": [
            {
                "TaskName": "Receipts",
                "TaskCount": 0
            },
            {
                "TaskName": "Payments",
                "TaskCount": 0
            },
            {
                "TaskName": "JV",
                "TaskCount": 0
            },
            {
                "TaskName": "Credit Note",
                "TaskCount": 0
            },
            {
                "TaskName": "Debit Note",
                "TaskCount": 0
            }
        ],
        "Drafts": [
            {
                "TaskName": "Receipts",
                "TaskCount": 0
            },
            {
                "TaskName": "Payments",
                "TaskCount": 0
            },
            {
                "TaskName": "JV",
                "TaskCount": 0
            },
            {
                "TaskName": "Credit Note",
                "TaskCount": 0
            },
            {
                "TaskName": "Debit Note",
                "TaskCount": 0
            }
        ],
        "Unapproved": [
            {
                "TaskName": "Receipts",
                "TaskCount": 0
            },
            {
                "TaskName": "Payments",
                "TaskCount": 0
            },
            {
                "TaskName": "JV",
                "TaskCount": 0
            },
            {
                "TaskName": "Credit Note",
                "TaskCount": 0
            },
            {
                "TaskName": "Debit Note",
                "TaskCount": 0
            }
        ]
    },
    "Reminders": {
        "AwaitingApprovals": []
    }
}