[
    {
        "$id": "591",
        "ReceiptNo": 573524,
        "ReceiptDate": "16-11-2018",
        "ReceiptDateStr": "16 Oct 2018",
        "ReprintNo": null,
        "ArabicDescription": null,
        "EnglishDescription": "111",
        "RecevierBankCode": 4,
        "RecevierBankName": null,
        "PayeeBankCode": "10",
        "PayeeBankName": "Al Rajhi Bank",
        "ReceiptMode": 2,
        "ReceiptModeDesc": "Cheque",
        "ChequeNo": 1111,
        "InstrumentRefNo": null,
        "ChequeDate": "16-11-2018",
        "ChequeDateStr": "16 Oct 2018",
        "ChequeType": null,
        "ReceiptType": false,
        "PreparedBy": 1,
        "PreparedByName": "FR - RSA Dubai",
        "ApprovedBy": 0,
        "ApprovedByName": null,
        "ApprovedDate": null,
        "ApprovedDateStr": "",
        "PrintDate": "",
        "PrintDateStr": "",
        "CustomerID": null,
        "CountryCode": 1,
        "CountryName": "Middle East Region",
        "RegionCode": 2,
        "RegionName": "United Arab Emirates",
        "LocationCode": 20,
        "LocationName": "DUBAI",
        "CostCenterCode": 11,
        "CostCenterName": "GENERAL",
        "TotallingAccCode": 1110.0,
        "TotallingAccName": "BANK CURRENT A/C ",
        "CurrencyCode": 1,
        "CurrencyName": "UAE DIRHAMS",
        "ExchangeRate": 1.0,
        "PreparedDate": "16 Oct 2018",
        "PreparedDateStr": "16 Oct 2018",
        "ModifiedBy": null,
        "ModifiedDate": null,
        "ModifiedDateStr": null,
        "PayeeName": "11",
        "ExpiryDate": null,
        "ExpiryDateStr": "",
        "PostedDate": null,
        "TerminalID": null,
        "TerminalUserID": 20,
        "Approvers": null,
        "TotalAmount": 1111.0,
        "TotalAmountInWords": "ONE THOUSAND ONE HUNDERED AND ELEVEN ONLY.",
        "OnDemand": true,
        "CustomerName": null,
        "CounterPartyRef": null,
        "Amount": 1111.0,
        "ReceiptDetails": [
            {
                "$id": "592",
                "Amount": 1111.0,
                "AmountStr": "1,111.00",
                "ReceiptNo": 573524,
                "ReceiptDate": "16 Oct 2018",
                "ReceiptDateStr": "16 Oct 2018",
                "PolicyID": null,
                "SerialNo": 1,
                "GLCode": 26,
                "GLName": "Emirates Islamic Bank",
                "PolicyNumber": null,
                "PolicyYear": null,
                "DepartmentCode": null,
                "DepartmentName": null,
                "Description": "111",
                "LocationCode": 20,
                "LocationName": "DUBAI",
                "ClassCode": 1,
                "ClassName": "MOTOR",
                "PolicyType": null,
                "Endt_ID": null,
                "CountryCode": 1,
                "CountryName": "Middle East Region",
                "RegionCode": 2,
                "RegionName": "United Arab Emirates",
                "CostCenterCode": 11,
                "CostCenterName": "GENERAL",
                "TotallingAccCode": 1110.0,
                "TotallingAccName": "BANK CURRENT A/C ",
                "ClaimID": null,
                "RefTransactionID": 573524,
                "RefTransactionType": 3,
                "RefTransactionSerialNo": 1,
                "PreparedBy": null,
                "PreparedDate": "16 Oct 2018",
                "PreparedDateStr": "16 Oct 2018",
                "ModifiedBy": 1,
                "ModifiedDate": "16 Oct 2018",
                "ModifiedDateStr": "16 Oct 2018",
                "AnalysisCode": 62,
                "AnalysisName": null,
                "IsCreditEntry": false,
                "DocumentCode": null,
                "DocumentName": null,
                "ReferenceID1": null,
                "ReferenceID2": null,
                "RefPolicyNo": null,
                "RefPolicyYear": null,
                "SLCode": null,
                "CounterPartyRef": null,
                "Language": null,
                "CreateBy": null,
                "CreateDate": "16-11-2018",
                "ModifyBy": null,
                "ModifyDate": "0001-01-01T00:00:00",
                "Validation": null
            }
        ],
        "ReceiptResponse": null,
        "Language": null,
        "CreateBy": null,
        "CreateDate": "0001-01-01T00:00:00",
        "ModifyBy": null,
        "ModifyDate": "0001-01-01T00:00:00",
        "Validation": null
    },
    {
        "$id": "582",
        "ReceiptNo": 573689,
        "ReceiptDate": "26 Oct 2018",
        "ReceiptDateStr": "26 Oct 2018",
        "ReprintNo": null,
        "ArabicDescription": null,
        "EnglishDescription": "wrwr",
        "RecevierBankCode": 0,
        "RecevierBankName": null,
        "PayeeBankCode": "5001",
        "PayeeBankName": "Al Bank Al Saudi Al Fransi",
        "ReceiptMode": 1,
        "ReceiptModeDesc": "Cash",
        "ChequeNo": null,
        "InstrumentRefNo": null,
        "ChequeDate": "",
        "ChequeDateStr": "",
        "ChequeType": null,
        "ReceiptType": false,
        "PreparedBy": 1,
        "PreparedByName": "FR - RSA Dubai",
        "ApprovedBy": 0,
        "ApprovedByName": null,
        "ApprovedDate": null,
        "ApprovedDateStr": "",
        "PrintDate": "",
        "PrintDateStr": "",
        "CustomerID": null,
        "CountryCode": 1,
        "CountryName": "Middle East Region",
        "RegionCode": 2,
        "RegionName": "United Arab Emirates",
        "LocationCode": 20,
        "LocationName": "DUBAI",
        "CostCenterCode": 11,
        "CostCenterName": "GENERAL",
        "TotallingAccCode": 1110,
        "TotallingAccName": "BANK CURRENT A/C ",
        "CurrencyCode": 1,
        "CurrencyName": "UAE DIRHAMS",
        "ExchangeRate": 1,
        "PreparedDate": "26 Oct 2018",
        "PreparedDateStr": "26 Oct 2018",
        "ModifiedBy": null,
        "ModifiedDate": null,
        "ModifiedDateStr": null,
        "PayeeName": "wewr",
        "ExpiryDate": null,
        "ExpiryDateStr": "",
        "PostedDate": null,
        "TerminalID": null,
        "TerminalUserID": 20,
        "Approvers": null,
        "TotalAmount": 1233,
        "TotalAmountInWords": "ONE THOUSAND TWO HUNDERED AND THIRTY THREE ONLY.",
        "OnDemand": true,
        "CustomerName": null,
        "CounterPartyRef": null,
        "Amount": 1233,
        "ReceiptDetails": [
            {
                "$id": "583",
                "Amount": 1233,
                "AmountStr": "1,233.00",
                "ReceiptNo": 573689,
                "ReceiptDate": "26 Oct 2018",
                "ReceiptDateStr": "26 Oct 2018",
                "PolicyID": null,
                "SerialNo": 1,
                "GLCode": 4,
                "GLName": "HSBC BANK MIDDLE EAST - Deira",
                "PolicyNumber": null,
                "PolicyYear": null,
                "DepartmentCode": null,
                "DepartmentName": null,
                "Description": "wrwr",
                "LocationCode": 20,
                "LocationName": "DUBAI",
                "ClassCode": 1,
                "ClassName": "MOTOR",
                "PolicyType": null,
                "Endt_ID": null,
                "CountryCode": 1,
                "CountryName": "Middle East Region",
                "RegionCode": 2,
                "RegionName": "United Arab Emirates",
                "CostCenterCode": 11,
                "CostCenterName": "GENERAL",
                "TotallingAccCode": 1110,
                "TotallingAccName": "BANK CURRENT A/C ",
                "ClaimID": null,
                "RefTransactionID": 573689,
                "RefTransactionType": 3,
                "RefTransactionSerialNo": 1,
                "PreparedBy": null,
                "PreparedDate": "26 Oct 2018",
                "PreparedDateStr": "26 Oct 2018",
                "ModifiedBy": 1,
                "ModifiedDate": "26 Oct 2018",
                "ModifiedDateStr": "26 Oct 2018",
                "AnalysisCode": null,
                "AnalysisName": null,
                "IsCreditEntry": false,
                "DocumentCode": null,
                "DocumentName": null,
                "ReferenceID1": null,
                "ReferenceID2": null,
                "RefPolicyNo": null,
                "RefPolicyYear": null,
                "SLCode": null,
                "CounterPartyRef": null,
                "Language": null,
                "CreateBy": null,
                "CreateDate": "0001-01-01T00:00:00",
                "ModifyBy": null,
                "ModifyDate": "0001-01-01T00:00:00",
                "Validation": null
            }
        ],
        "ReceiptResponse": null,
        "Language": null,
        "CreateBy": null,
        "CreateDate": "0001-01-01T00:00:00",
        "ModifyBy": null,
        "ModifyDate": "0001-01-01T00:00:00",
        "Validation": null
    },
    {
        "$id": "31",
        "ReceiptNo": 574202,
        "ReceiptDate": "23 Nov 2018",
        "ReceiptDateStr": "23 Nov 2018",
        "ReprintNo": null,
        "ArabicDescription": null,
        "EnglishDescription": "aaa",
        "RecevierBankCode": 0,
        "RecevierBankName": null,
        "PayeeBankCode": "6001",
        "PayeeBankName": "National Commercial Bank",
        "ReceiptMode": 5,
        "ReceiptModeDesc": "Bank Direct Debit",
        "ChequeNo": null,
        "InstrumentRefNo": "sssss",
        "ChequeDate": "23 Nov 2018",
        "ChequeDateStr": "23 Nov 2018",
        "ChequeType": null,
        "ReceiptType": false,
        "PreparedBy": 1,
        "PreparedByName": "FR - RSA Dubai",
        "ApprovedBy": 0,
        "ApprovedByName": null,
        "ApprovedDate": null,
        "ApprovedDateStr": "",
        "PrintDate": "",
        "PrintDateStr": "",
        "CustomerID": null,
        "CountryCode": 1,
        "CountryName": "Middle East Region",
        "RegionCode": 2,
        "RegionName": "United Arab Emirates",
        "LocationCode": 20,
        "LocationName": "DUBAI",
        "CostCenterCode": 11,
        "CostCenterName": "GENERAL",
        "TotallingAccCode": 1110,
        "TotallingAccName": "BANK CURRENT A/C ",
        "CurrencyCode": 1,
        "CurrencyName": "UAE DIRHAMS",
        "ExchangeRate": 1,
        "PreparedDate": "23 Nov 2018",
        "PreparedDateStr": "23 Nov 2018",
        "ModifiedBy": null,
        "ModifiedDate": null,
        "ModifiedDateStr": null,
        "PayeeName": "DR G M BAJPAI",
        "ExpiryDate": null,
        "ExpiryDateStr": "",
        "PostedDate": null,
        "TerminalID": null,
        "TerminalUserID": 20,
        "Approvers": null,
        "TotalAmount": 1663.6,
        "TotalAmountInWords": "ONE THOUSAND SIX HUNDERED AND SIXTY THREE and  FILS 60/100 ONLY.",
        "OnDemand": false,
        "CustomerName": null,
        "CounterPartyRef": null,
        "Amount": 333,
        "ReceiptDetails": [],
        "ReceiptResponse": null,
        "Language": null,
        "CreateBy": null,
        "CreateDate": "0001-01-01T00:00:00",
        "ModifyBy": null,
        "ModifyDate": "0001-01-01T00:00:00",
        "Validation": null
    },
    {
        "$id": "283",
        "ReceiptNo": 573949,
        "ReceiptDate": "19 Nov 2018",
        "ReceiptDateStr": "19 Nov 2018",
        "ReprintNo": null,
        "ArabicDescription": null,
        "EnglishDescription": "sadfasdfsad",
        "RecevierBankCode": 0,
        "RecevierBankName": null,
        "PayeeBankCode": "5001",
        "PayeeBankName": "Al Bank Al Saudi Al Fransi",
        "ReceiptMode": 5,
        "ReceiptModeDesc": "Bank Direct Debit",
        "ChequeNo": null,
        "InstrumentRefNo": "asd333",
        "ChequeDate": "19 Nov 2018",
        "ChequeDateStr": "19 Nov 2018",
        "ChequeType": null,
        "ReceiptType": false,
        "PreparedBy": 1,
        "PreparedByName": "FR - RSA Dubai",
        "ApprovedBy": 0,
        "ApprovedByName": null,
        "ApprovedDate": null,
        "ApprovedDateStr": "",
        "PrintDate": "",
        "PrintDateStr": "",
        "CustomerID": null,
        "CountryCode": 1,
        "CountryName": "Middle East Region",
        "RegionCode": 2,
        "RegionName": "United Arab Emirates",
        "LocationCode": 20,
        "LocationName": "DUBAI",
        "CostCenterCode": 11,
        "CostCenterName": "GENERAL",
        "TotallingAccCode": 1110,
        "TotallingAccName": "BANK CURRENT A/C ",
        "CurrencyCode": 1,
        "CurrencyName": "UAE DIRHAMS",
        "ExchangeRate": 1,
        "PreparedDate": "19 Nov 2018",
        "PreparedDateStr": "19 Nov 2018",
        "ModifiedBy": null,
        "ModifiedDate": null,
        "ModifiedDateStr": null,
        "PayeeName": "asdfasdf",
        "ExpiryDate": null,
        "ExpiryDateStr": "",
        "PostedDate": null,
        "TerminalID": null,
        "TerminalUserID": 20,
        "Approvers": null,
        "TotalAmount": 52222,
        "TotalAmountInWords": "FIFTY TWO THOUSAND TWO HUNDERED AND TWENTY TWO ONLY.",
        "OnDemand": true,
        "CustomerName": null,
        "CounterPartyRef": null,
        "Amount": 52222,
        "ReceiptDetails": [
            {
                "$id": "284",
                "Amount": 52222,
                "AmountStr": "52,222.00",
                "ReceiptNo": 573949,
                "ReceiptDate": "19 Nov 2018",
                "ReceiptDateStr": "19 Nov 2018",
                "PolicyID": null,
                "SerialNo": 1,
                "GLCode": 4,
                "GLName": "HSBC BANK MIDDLE EAST - Deira",
                "PolicyNumber": null,
                "PolicyYear": null,
                "DepartmentCode": null,
                "DepartmentName": null,
                "Description": "sadfasdfsad",
                "LocationCode": 20,
                "LocationName": "DUBAI",
                "ClassCode": 1,
                "ClassName": "MOTOR",
                "PolicyType": null,
                "Endt_ID": null,
                "CountryCode": 1,
                "CountryName": "Middle East Region",
                "RegionCode": 2,
                "RegionName": "United Arab Emirates",
                "CostCenterCode": 11,
                "CostCenterName": "GENERAL",
                "TotallingAccCode": 1110,
                "TotallingAccName": "BANK CURRENT A/C ",
                "ClaimID": null,
                "RefTransactionID": 573949,
                "RefTransactionType": 3,
                "RefTransactionSerialNo": 1,
                "PreparedBy": null,
                "PreparedDate": "19 Nov 2018",
                "PreparedDateStr": "19 Nov 2018",
                "ModifiedBy": 1,
                "ModifiedDate": "19 Nov 2018",
                "ModifiedDateStr": "19 Nov 2018",
                "AnalysisCode": null,
                "AnalysisName": null,
                "IsCreditEntry": false,
                "DocumentCode": null,
                "DocumentName": null,
                "ReferenceID1": null,
                "ReferenceID2": null,
                "RefPolicyNo": null,
                "RefPolicyYear": null,
                "SLCode": null,
                "CounterPartyRef": null,
                "Language": null,
                "CreateBy": null,
                "CreateDate": "0001-01-01T00:00:00",
                "ModifyBy": null,
                "ModifyDate": "0001-01-01T00:00:00",
                "Validation": null
            }
        ],
        "ReceiptResponse": null,
        "Language": null,
        "CreateBy": null,
        "CreateDate": "0001-01-01T00:00:00",
        "ModifyBy": null,
        "ModifyDate": "0001-01-01T00:00:00",
        "Validation": null
    },
    {
        "$id": "593",
        "ReceiptNo": 574084,
        "ReceiptDate": "21 Nov 2018",
        "ReceiptDateStr": "21 Nov 2018",
        "ReprintNo": null,
        "ArabicDescription": null,
        "EnglishDescription": "Test",
        "RecevierBankCode": 0,
        "RecevierBankName": null,
        "PayeeBankCode": "5001",
        "PayeeBankName": "Al Bank Al Saudi Al Fransi",
        "ReceiptMode": 2,
        "ReceiptModeDesc": "Cheque",
        "ChequeNo": 4444444444,
        "InstrumentRefNo": null,
        "ChequeDate": "21 Nov 2018",
        "ChequeDateStr": "21 Nov 2018",
        "ChequeType": null,
        "ReceiptType": false,
        "PreparedBy": 1,
        "PreparedByName": "FR - RSA Dubai",
        "ApprovedBy": 0,
        "ApprovedByName": null,
        "ApprovedDate": null,
        "ApprovedDateStr": "",
        "PrintDate": "",
        "PrintDateStr": "",
        "CustomerID": null,
        "CountryCode": 1,
        "CountryName": "Middle East Region",
        "RegionCode": 2,
        "RegionName": "United Arab Emirates",
        "LocationCode": 20,
        "LocationName": "DUBAI",
        "CostCenterCode": 11,
        "CostCenterName": "GENERAL",
        "TotallingAccCode": 1110.0,
        "TotallingAccName": "BANK CURRENT A/C ",
        "CurrencyCode": 1,
        "CurrencyName": "UAE DIRHAMS",
        "ExchangeRate": 1.0,
        "PreparedDate": "21 Nov 2018",
        "PreparedDateStr": "21 Nov 2018",
        "ModifiedBy": null,
        "ModifiedDate": null,
        "ModifiedDateStr": null,
        "PayeeName": "Test",
        "ExpiryDate": null,
        "ExpiryDateStr": "",
        "PostedDate": null,
        "TerminalID": null,
        "TerminalUserID": 20,
        "Approvers": null,
        "TotalAmount": 44.0,
        "TotalAmountInWords": "FORTY FOUR ONLY.",
        "OnDemand": true,
        "CustomerName": null,
        "CounterPartyRef": null,
        "Amount": 44.0,
        "ReceiptDetails": [
            {
                "$id": "594",
                "Amount": 44.0,
                "AmountStr": "44.00",
                "ReceiptNo": 574084,
                "ReceiptDate": "21 Nov 2018",
                "ReceiptDateStr": "21 Nov 2018",
                "PolicyID": null,
                "SerialNo": 1,
                "GLCode": 4,
                "GLName": "HSBC BANK MIDDLE EAST - Deira",
                "PolicyNumber": null,
                "PolicyYear": null,
                "DepartmentCode": null,
                "DepartmentName": null,
                "Description": "Test",
                "LocationCode": 20,
                "LocationName": "DUBAI",
                "ClassCode": 1,
                "ClassName": "MOTOR",
                "PolicyType": null,
                "Endt_ID": null,
                "CountryCode": 1,
                "CountryName": "Middle East Region",
                "RegionCode": 2,
                "RegionName": "United Arab Emirates",
                "CostCenterCode": 11,
                "CostCenterName": "GENERAL",
                "TotallingAccCode": 1110.0,
                "TotallingAccName": "BANK CURRENT A/C ",
                "ClaimID": null,
                "RefTransactionID": 574084,
                "RefTransactionType": 3,
                "RefTransactionSerialNo": 1,
                "PreparedBy": null,
                "PreparedDate": "21 Nov 2018",
                "PreparedDateStr": "21 Nov 2018",
                "ModifiedBy": 1,
                "ModifiedDate": "21 Nov 2018",
                "ModifiedDateStr": "21 Nov 2018",
                "AnalysisCode": null,
                "AnalysisName": null,
                "IsCreditEntry": false,
                "DocumentCode": null,
                "DocumentName": null,
                "ReferenceID1": null,
                "ReferenceID2": null,
                "RefPolicyNo": null,
                "RefPolicyYear": null,
                "SLCode": null,
                "CounterPartyRef": null,
                "Language": null,
                "CreateBy": null,
                "CreateDate": "0001-01-01T00:00:00",
                "ModifyBy": null,
                "ModifyDate": "0001-01-01T00:00:00",
                "Validation": null
            }
        ],
        "ReceiptResponse": null,
        "Language": null,
        "CreateBy": null,
        "CreateDate": "0001-01-01T00:00:00",
        "ModifyBy": null,
        "ModifyDate": "0001-01-01T00:00:00",
        "Validation": null
    },
    {
        "$id": "595",
        "ReceiptNo": 573585,
        "ReceiptDate": "16 Oct 2018",
        "ReceiptDateStr": "16 Oct 2018",
        "ReprintNo": null,
        "ArabicDescription": null,
        "EnglishDescription": "yrey",
        "RecevierBankCode": 0,
        "RecevierBankName": null,
        "PayeeBankCode": "10",
        "PayeeBankName": "Al Rajhi Bank",
        "ReceiptMode": 2,
        "ReceiptModeDesc": "Cheque",
        "ChequeNo": 4325,
        "InstrumentRefNo": null,
        "ChequeDate": "16 Oct 2018",
        "ChequeDateStr": "16 Oct 2018",
        "ChequeType": null,
        "ReceiptType": false,
        "PreparedBy": 1,
        "PreparedByName": "FR - RSA Dubai",
        "ApprovedBy": 0,
        "ApprovedByName": null,
        "ApprovedDate": null,
        "ApprovedDateStr": "",
        "PrintDate": "",
        "PrintDateStr": "",
        "CustomerID": null,
        "CountryCode": 1,
        "CountryName": "Middle East Region",
        "RegionCode": 2,
        "RegionName": "United Arab Emirates",
        "LocationCode": 20,
        "LocationName": "DUBAI",
        "CostCenterCode": 11,
        "CostCenterName": "GENERAL",
        "TotallingAccCode": 1110.0,
        "TotallingAccName": "BANK CURRENT A/C ",
        "CurrencyCode": 1,
        "CurrencyName": "UAE DIRHAMS",
        "ExchangeRate": 1.0,
        "PreparedDate": "16 Oct 2018",
        "PreparedDateStr": "16 Oct 2018",
        "ModifiedBy": null,
        "ModifiedDate": null,
        "ModifiedDateStr": null,
        "PayeeName": "trety",
        "ExpiryDate": null,
        "ExpiryDateStr": "",
        "PostedDate": null,
        "TerminalID": null,
        "TerminalUserID": 20,
        "Approvers": null,
        "TotalAmount": 5501.0,
        "TotalAmountInWords": "FIVE THOUSAND FIVE HUNDERED AND ONE ONLY.",
        "OnDemand": true,
        "CustomerName": null,
        "CounterPartyRef": null,
        "Amount": 5435.0,
        "ReceiptDetails": [
            {
                "$id": "596",
                "Amount": 5435.0,
                "AmountStr": "5,435.00",
                "ReceiptNo": 573585,
                "ReceiptDate": "01 Jan 0001",
                "ReceiptDateStr": "01 Jan 0001",
                "PolicyID": null,
                "SerialNo": 1,
                "GLCode": 4,
                "GLName": "HSBC BANK MIDDLE EAST - Deira",
                "PolicyNumber": null,
                "PolicyYear": null,
                "DepartmentCode": null,
                "DepartmentName": null,
                "Description": "yrey",
                "LocationCode": 20,
                "LocationName": "DUBAI",
                "ClassCode": 1,
                "ClassName": "MOTOR",
                "PolicyType": null,
                "Endt_ID": null,
                "CountryCode": 1,
                "CountryName": "Middle East Region",
                "RegionCode": 2,
                "RegionName": "United Arab Emirates",
                "CostCenterCode": 11,
                "CostCenterName": "GENERAL",
                "TotallingAccCode": 1110.0,
                "TotallingAccName": "BANK CURRENT A/C ",
                "ClaimID": null,
                "RefTransactionID": 573585,
                "RefTransactionType": 3,
                "RefTransactionSerialNo": 1,
                "PreparedBy": null,
                "PreparedDate": "16 Oct 2018",
                "PreparedDateStr": "16 Oct 2018",
                "ModifiedBy": 1,
                "ModifiedDate": "16 Oct 2018",
                "ModifiedDateStr": "16 Oct 2018",
                "AnalysisCode": null,
                "AnalysisName": null,
                "IsCreditEntry": false,
                "DocumentCode": null,
                "DocumentName": null,
                "ReferenceID1": null,
                "ReferenceID2": null,
                "RefPolicyNo": null,
                "RefPolicyYear": null,
                "SLCode": null,
                "CounterPartyRef": null,
                "Language": null,
                "CreateBy": null,
                "CreateDate": "0001-01-01T00:00:00",
                "ModifyBy": null,
                "ModifyDate": "0001-01-01T00:00:00",
                "Validation": null
            },
            {
                "$id": "597",
                "Amount": 66.0,
                "AmountStr": "66.00",
                "ReceiptNo": 573585,
                "ReceiptDate": "01 Jan 0001",
                "ReceiptDateStr": "01 Jan 0001",
                "PolicyID": null,
                "SerialNo": 2,
                "GLCode": 4,
                "GLName": "HSBC BANK MIDDLE EAST - Deira",
                "PolicyNumber": null,
                "PolicyYear": null,
                "DepartmentCode": null,
                "DepartmentName": null,
                "Description": null,
                "LocationCode": 20,
                "LocationName": "DUBAI",
                "ClassCode": 1,
                "ClassName": "MOTOR",
                "PolicyType": null,
                "Endt_ID": null,
                "CountryCode": 1,
                "CountryName": "Middle East Region",
                "RegionCode": 2,
                "RegionName": "United Arab Emirates",
                "CostCenterCode": 11,
                "CostCenterName": "GENERAL",
                "TotallingAccCode": 1110.0,
                "TotallingAccName": "BANK CURRENT A/C ",
                "ClaimID": null,
                "RefTransactionID": 573585,
                "RefTransactionType": 3,
                "RefTransactionSerialNo": 2,
                "PreparedBy": null,
                "PreparedDate": "16 Oct 2018",
                "PreparedDateStr": "16 Oct 2018",
                "ModifiedBy": 1,
                "ModifiedDate": "16 Oct 2018",
                "ModifiedDateStr": "16 Oct 2018",
                "AnalysisCode": null,
                "AnalysisName": null,
                "IsCreditEntry": false,
                "DocumentCode": null,
                "DocumentName": null,
                "ReferenceID1": null,
                "ReferenceID2": null,
                "RefPolicyNo": null,
                "RefPolicyYear": null,
                "SLCode": null,
                "CounterPartyRef": null,
                "Language": null,
                "CreateBy": null,
                "CreateDate": "0001-01-01T00:00:00",
                "ModifyBy": null,
                "ModifyDate": "0001-01-01T00:00:00",
                "Validation": null
            }
        ],
        "ReceiptResponse": null,
        "Language": null,
        "CreateBy": null,
        "CreateDate": "0001-01-01T00:00:00",
        "ModifyBy": null,
        "ModifyDate": "0001-01-01T00:00:00",
        "Validation": null
    },
    {
        "$id": "598",
        "ReceiptNo": 574056,
        "ReceiptDate": "16-11-2018",
        "ReceiptDateStr": "21 Nov 2018",
        "ReprintNo": null,
        "ArabicDescription": null,
        "EnglishDescription": "asdfasd",
        "RecevierBankCode": 0,
        "RecevierBankName": null,
        "PayeeBankCode": "5001",
        "PayeeBankName": "Al Bank Al Saudi Al Fransi",
        "ReceiptMode": 2,
        "ReceiptModeDesc": "Cheque",
        "ChequeNo": 32342,
        "InstrumentRefNo": null,
        "ChequeDate": "21 Nov 2018",
        "ChequeDateStr": "21 Nov 2018",
        "ChequeType": null,
        "ReceiptType": false,
        "PreparedBy": 1,
        "PreparedByName": "FR - RSA Dubai",
        "ApprovedBy": 0,
        "ApprovedByName": null,
        "ApprovedDate": null,
        "ApprovedDateStr": "",
        "PrintDate": "",
        "PrintDateStr": "",
        "CustomerID": null,
        "CountryCode": 1,
        "CountryName": "Middle East Region",
        "RegionCode": 2,
        "RegionName": "United Arab Emirates",
        "LocationCode": 20,
        "LocationName": "DUBAI",
        "CostCenterCode": 11,
        "CostCenterName": "GENERAL",
        "TotallingAccCode": 1110.0,
        "TotallingAccName": "BANK CURRENT A/C ",
        "CurrencyCode": 1,
        "CurrencyName": "UAE DIRHAMS",
        "ExchangeRate": 1.0,
        "PreparedDate": "21 Nov 2018",
        "PreparedDateStr": "21 Nov 2018",
        "ModifiedBy": null,
        "ModifiedDate": null,
        "ModifiedDateStr": null,
        "PayeeName": "asdfasd",
        "ExpiryDate": null,
        "ExpiryDateStr": "",
        "PostedDate": null,
        "TerminalID": null,
        "TerminalUserID": 20,
        "Approvers": null,
        "TotalAmount": 545.0,
        "TotalAmountInWords": "FIVE HUNDERED AND FORTY FIVE ONLY.",
        "OnDemand": true,
        "CustomerName": null,
        "CounterPartyRef": null,
        "Amount": 545.0,
        "ReceiptDetails": [
            {
                "$id": "599",
                "Amount": 545.0,
                "AmountStr": "545.00",
                "ReceiptNo": 574056,
                "ReceiptDate": "21 Nov 2018",
                "ReceiptDateStr": "21 Nov 2018",
                "PolicyID": null,
                "SerialNo": 1,
                "GLCode": 4,
                "GLName": "HSBC BANK MIDDLE EAST - Deira",
                "PolicyNumber": null,
                "PolicyYear": null,
                "DepartmentCode": null,
                "DepartmentName": null,
                "Description": "asdfasd",
                "LocationCode": 20,
                "LocationName": "DUBAI",
                "ClassCode": 1,
                "ClassName": "MOTOR",
                "PolicyType": null,
                "Endt_ID": null,
                "CountryCode": 1,
                "CountryName": "Middle East Region",
                "RegionCode": 2,
                "RegionName": "United Arab Emirates",
                "CostCenterCode": 11,
                "CostCenterName": "GENERAL",
                "TotallingAccCode": 1110.0,
                "TotallingAccName": "BANK CURRENT A/C ",
                "ClaimID": null,
                "RefTransactionID": 574056,
                "RefTransactionType": 3,
                "RefTransactionSerialNo": 1,
                "PreparedBy": null,
                "PreparedDate": "21 Nov 2018",
                "PreparedDateStr": "21 Nov 2018",
                "ModifiedBy": 1,
                "ModifiedDate": "21 Nov 2018",
                "ModifiedDateStr": "21 Nov 2018",
                "AnalysisCode": null,
                "AnalysisName": null,
                "IsCreditEntry": false,
                "DocumentCode": null,
                "DocumentName": null,
                "ReferenceID1": null,
                "ReferenceID2": null,
                "RefPolicyNo": null,
                "RefPolicyYear": null,
                "SLCode": null,
                "CounterPartyRef": null,
                "Language": null,
                "CreateBy": null,
                "CreateDate": "0001-01-01T00:00:00",
                "ModifyBy": null,
                "ModifyDate": "0001-01-01T00:00:00",
                "Validation": null
            }
        ],
        "ReceiptResponse": null,
        "Language": null,
        "CreateBy": null,
        "CreateDate": "0001-01-01T00:00:00",
        "ModifyBy": null,
        "ModifyDate": "0001-01-01T00:00:00",
        "Validation": null
    },
    {
        "$id": "600",
        "ReceiptNo": 573028,
        "ReceiptDate": "01 Jan 0001",
        "ReceiptDateStr": "01 Jan 0001",
        "ReprintNo": null,
        "ArabicDescription": null,
        "EnglishDescription": "asadasdad",
        "RecevierBankCode": 0,
        "RecevierBankName": null,
        "PayeeBankCode": "4001",
        "PayeeBankName": "Al Bank Al Saudi Al Hollani ",
        "ReceiptMode": 2,
        "ReceiptModeDesc": "Cheque",
        "ChequeNo": 123132131312,
        "InstrumentRefNo": null,
        "ChequeDate": "",
        "ChequeDateStr": "",
        "ChequeType": null,
        "ReceiptType": false,
        "PreparedBy": 1,
        "PreparedByName": "FR - RSA Dubai",
        "ApprovedBy": 0,
        "ApprovedByName": null,
        "ApprovedDate": null,
        "ApprovedDateStr": "",
        "PrintDate": "",
        "PrintDateStr": "",
        "CustomerID": null,
        "CountryCode": 1,
        "CountryName": "Middle East Region",
        "RegionCode": 2,
        "RegionName": "United Arab Emirates",
        "LocationCode": 20,
        "LocationName": "DUBAI",
        "CostCenterCode": 11,
        "CostCenterName": "GENERAL",
        "TotallingAccCode": 1110.0,
        "TotallingAccName": "BANK CURRENT A/C ",
        "CurrencyCode": 1,
        "CurrencyName": "UAE DIRHAMS",
        "ExchangeRate": 1.0,
        "PreparedDate": "13 Oct 2018",
        "PreparedDateStr": "13 Oct 2018",
        "ModifiedBy": null,
        "ModifiedDate": null,
        "ModifiedDateStr": null,
        "PayeeName": "cas",
        "ExpiryDate": null,
        "ExpiryDateStr": "",
        "PostedDate": null,
        "TerminalID": null,
        "TerminalUserID": 20,
        "Approvers": null,
        "TotalAmount": 1233.0,
        "TotalAmountInWords": "ONE THOUSAND TWO HUNDERED AND THIRTY THREE ONLY.",
        "OnDemand": true,
        "CustomerName": null,
        "CounterPartyRef": null,
        "Amount": 1233.0,
        "ReceiptDetails": [
            {
                "$id": "601",
                "Amount": 1233.0,
                "AmountStr": "1,233.00",
                "ReceiptNo": 573028,
                "ReceiptDate": "01 Jan 0001",
                "ReceiptDateStr": "01 Jan 0001",
                "PolicyID": null,
                "SerialNo": 1,
                "GLCode": 29,
                "GLName": "HSBC-GBP",
                "PolicyNumber": null,
                "PolicyYear": null,
                "DepartmentCode": null,
                "DepartmentName": null,
                "Description": "asadasdad",
                "LocationCode": 20,
                "LocationName": "DUBAI",
                "ClassCode": 1,
                "ClassName": "MOTOR",
                "PolicyType": null,
                "Endt_ID": null,
                "CountryCode": 1,
                "CountryName": "Middle East Region",
                "RegionCode": 2,
                "RegionName": "United Arab Emirates",
                "CostCenterCode": 11,
                "CostCenterName": "GENERAL",
                "TotallingAccCode": 1110.0,
                "TotallingAccName": "BANK CURRENT A/C ",
                "ClaimID": null,
                "RefTransactionID": 573028,
                "RefTransactionType": 3,
                "RefTransactionSerialNo": 1,
                "PreparedBy": null,
                "PreparedDate": "13 Oct 2018",
                "PreparedDateStr": "13 Oct 2018",
                "ModifiedBy": 1,
                "ModifiedDate": "13 Oct 2018",
                "ModifiedDateStr": "13 Oct 2018",
                "AnalysisCode": 63,
                "AnalysisName": null,
                "IsCreditEntry": false,
                "DocumentCode": null,
                "DocumentName": null,
                "ReferenceID1": null,
                "ReferenceID2": null,
                "RefPolicyNo": null,
                "RefPolicyYear": null,
                "SLCode": null,
                "CounterPartyRef": null,
                "Language": null,
                "CreateBy": null,
                "CreateDate": "0001-01-01T00:00:00",
                "ModifyBy": null,
                "ModifyDate": "0001-01-01T00:00:00",
                "Validation": null
            }
        ],
        "ReceiptResponse": null,
        "Language": null,
        "CreateBy": null,
        "CreateDate": "0001-01-01T00:00:00",
        "ModifyBy": null,
        "ModifyDate": "0001-01-01T00:00:00",
        "Validation": null
    }
]