{
    "ReceiptNo": "546199",
    "Date": "26/Apr/2018",
    "Total": "11,568.98",
    "TotalLetters": "UAE DIRHAMS Eleven Thousand Five Hundred Sixty Eight and FILS 98/100 only",
    "Branch": "Dubai",
    "ReceivedFrom": "ATLAS PRINTING PRESS LLC",
    "Narration": "Being The Premium Due On Motor Insurance. ",
    "TransactionDetails": [
        {
            "ChequeNo": "13505",
            "ChequeDate": "29/03/2108",
            "PayeeBank": "Abu Dhabi Bank"
        }
    ],
    "ReceiptPolicyCollection": [
        {
            "GLCode": "1-2-20-11-1410-2582",
            "TaxInvoiceNo": "22945629",
            "Description": "Policy No:30328637 -Comprehensive ATLAS PRINTING PRESS LLC",
            "Amount": "2077.95"
        },
        {
            "GLCode": "1-2-20-11-1410-2582",
            "TaxInvoiceNo": "22945630",
            "Description": "Policy No:30328637 -Comprehensive ATLAS PRINTING PRESS LLC",
            "Amount": "4000.95"
        },
        {
            "GLCode": "1-2-20-11-1410-2582",
            "TaxInvoiceNo": "22945631",
            "Description": "Policy No:30328637 -Comprehensive ATLAS PRINTING PRESS LLC",
            "Amount": "2055.95"
        },
        {
            "GLCode": "1-2-20-11-1410-2582",
            "TaxInvoiceNo": "22945632",
            "Description": "Policy No:30328637 -Comprehensive ATLAS PRINTING PRESS LLC",
            "Amount": "3023.95"
        },
        {
            "GLCode": "1-2-20-11-8810-100",
            "TaxInvoiceNo": "",
            "Description": "Fils Adjustment",
            "Amount": "0.95"
        }
    ],
    "AccountName": "14-HSBC BANK MIDDLE EAST - CALL A/C",
    "PreparedBy": "Hassan",
    "PreparedDate": "15 Mar 2018"
}