{
   "ReceiptMode":2,
   "ReceiptDate":"09-11-2018",
   "PayeeName":"Test Generic Receipt",
   "ArabicDescription":"",
   "EnglishDescription":"Test Create Receipt",
   "RecevierBankCode":4,
   "PayeeBankCode":"",
   "ChequeNo":"365054",
   "ChequeDate":"04-30-2018",
   "InstrumentRefNo":"",
   "Approvers":[
      5,
      1,
      4
   ],
   "ReceiptType":1,
   "PreparedBy":1,
   "PrintDate":"07-20-2018",
   "CustomerID":"",
   "CountryCode":1,
   "RegionCode":2,
   "LocationCode":20,
   "CostCenterCode":11,
   "TotallingAccCode":1110,
   "ModifiedBy":"1",
   "TerminalID":"1",
   "TerminalUserID":20,
   "ReprintNo":"",
   "ReceiptDetails":[
      {
         "Amount":55000,
         "IsCreditEntry":"true",
         "AnalysisCode":"1",
         "CostCenterCode":1,
         "ClassCode":"1",
         "CountryCode":1,
         "Description":"Test Create Detail Receipt",
         "CounterPartyRef":"Test Counter Ref",
         "GLCode":"45",
         "LocationCode":20,
         "ModifiedBy":"1",
         "PolicyID":"1491",
         "PolicyNumber":"",
         "PolicyType":"",
         "PolicyYear":"",
         "PreparedBy":4,
         "ReceiptDate":"09-11-2018",
         "RefTransactionID":12,
         "RefTransactionSerialNo":12,
         "RefTransactionType":2,
         "RegionCode":2,
         "TotallingAccCode":1420
      },
      {
         "Amount":75000,
         "IsCreditEntry":"true",
         "AnalysisCode":"1",
         "CostCenterCode":1,
         "ClassCode":"2",
         "CountryCode":1,
         "Description":"Test Create Detail Receipt",
         "CounterPartyRef":"Test Counter Ref",
         "GLCode":"1",
         "LocationCode":20,
         "ModifiedBy":"1",
         "PolicyID":"251",
         "PolicyNumber":"",
         "PolicyType":"",
         "PolicyYear":"",
         "PreparedBy":4,
         "ReceiptDate":"09-11-2018",
         "RefTransactionID":13,
         "RefTransactionSerialNo":13,
         "RefTransactionType":2,
         "RegionCode":2,
         "TotallingAccCode":1420
      }
   ]
}