{
  "firstname": "Santoshi",
  "lastname": "Kayala",
  "profileurl": "",
  "currency": "AED",
  "symbol": ".2-2",
  "countrycode": 1,
  "bannerurl": "src/assets/images/banner_uae.svg",
  "logourl": "src/assets/images/logo_rsa.svg",
  "defaultcity": "Dubai",
  "regioncode": 2,
  "locationcode": 20,
  "costcentre": 11,
  "location": [
    {
      "id": 1,
      "item": "Dubai"
    },
    {
      "id": 2,
      "item": "Abu Dhabi"
    },
    {
      "id": 3,
      "item": "Sharjah"
    }
  ]
}